timestamp,duration,protocol,source_ip,source_port,direction,destination_ip,destination_port,state,source_type_of_service,destination_type_of_service,total_packets,bytes_transferred_total,bytes_transferred_source_to_dest,flowID,pps,bps_oneway,bpp_oneway,bps_twoway,bpp_twoway
2024-01-01 00:00:00,65.22488451397038,UDP,175.141.128.16,44451,outbound,50.139.91.240,65474,CON,1,2,375,87151,64252,175.141.128.16/44451/outbound/50.139.91.240/65474,5.749339424582339,985.0841512220386,171.33866666666665,1336.1618138447345,232.40266666666668
2024-01-01 00:01:00,295.276504970738,UDP,225.182.220.52,39896,inbound,32.32.199.233,3833,CON,3,0,72,79856,33633,225.182.220.52/39896/inbound/32.32.199.233/3833,0.2438392448702792,113.90340726002917,467.125,270.44481581056965,1109.111111111111
2024-01-01 00:02:00,252.51839526051944,UDP,118.108.158.189,55995,outbound,26.41.177.60,40785,REQ,3,4,74,47366,47328,118.108.158.189/55995/outbound/26.41.177.60/40785,0.2930479576494034,187.42396945447246,639.5675675675676,187.57445354083296,640.081081081081
2024-01-01 00:03:00,236.7225648797523,ICMP,136.157.76.79,17571,outbound,41.184.129.98,58105,CON,3,4,897,54654,29915,136.157.76.79/17571/outbound/41.184.129.98/58105,3.7892458644812677,126.37156079816847,33.35005574136009,230.8778634084272,60.929765886287626
2024-01-01 00:04:00,99.1315460254922,ICMP,194.44.17.98,24330,inbound,98.197.30.150,27954,FIN,3,0,341,58315,12339,194.44.17.98/24330/inbound/98.197.30.150/27954,3.4398737200397345,124.47097311310934,36.18475073313783,588.258756551663,171.01173020527858
2024-01-01 00:05:00,160.73593268888484,TCP,173.146.204.242,29234,outbound,204.181.114.155,60141,ACK,2,3,153,99238,70320,173.146.204.242/29234/outbound/204.181.114.155/60141,0.9518717902122218,437.48774044263683,459.6078431372549,617.3977301769966,648.6143790849674
2024-01-01 00:06:00,41.21724610349116,TCP,68.82.49.24,46717,inbound,207.146.203.241,24119,ACK,2,1,96,60756,35571,68.82.49.24/46717/inbound/207.146.203.241/24119,2.3291221290950985,863.0125338962683,370.53125,1474.0431674510605,632.875
2024-01-01 00:07:00,161.5889454011455,TCP,166.242.120.222,29263,outbound,48.1.138.171,12970,ACK,4,0,565,54204,6555,166.242.120.222/29263/outbound/48.1.138.171/12970,3.496526316186941,40.56589380992106,11.601769911504425,335.44373883645477,95.93628318584071
2024-01-01 00:08:00,43.85218502033785,UDP,164.67.55.38,28854,outbound,101.186.127.58,5015,REQ,2,4,445,76944,44377,164.67.55.38/28854/outbound/101.186.127.58/5015,10.147726955763254,1011.9678182379909,99.72359550561798,1754.6218042342648,172.90786516853933
2024-01-01 00:09:00,165.95604941248138,ICMP,63.127.134.121,4405,inbound,120.37.152.106,24543,FIN,1,0,686,1069,65569,63.127.134.121/4405/inbound/120.37.152.106/24543,4.1336245495634625,395.09858322205054,95.58163265306122,6.441464494873675,1.5583090379008746
2024-01-01 00:10:00,194.65169185845616,ICMP,247.185.207.58,35856,inbound,21.41.163.136,27681,CON,4,3,110,98996,70271,247.185.207.58/35856/inbound/21.41.163.136/27681,0.5651119646059286,361.0089351347564,638.8272727272728,508.5802186193501,899.9636363636364
2024-01-01 00:11:00,117.1197705782457,TCP,48.132.238.214,40381,outbound,140.9.186.237,1850,FIN,2,2,458,354,18459,48.132.238.214/40381/outbound/140.9.186.237/1850,3.9105267858599335,157.60789069910155,40.30349344978166,3.022546904354621,0.7729257641921398
2024-01-01 00:12:00,149.6136090115548,TCP,36.223.87.24,29865,outbound,133.32.68.79,43649,ACK,3,2,828,10406,19567,36.223.87.24/29865/outbound/133.32.68.79/43649,5.534255910744409,130.7835572530626,23.631642512077295,69.55249638551487,12.567632850241546
2024-01-01 00:13:00,262.7084509636083,ICMP,173.219.18.134,8471,inbound,191.100.228.28,17537,CON,2,1,51,65616,44583,173.219.18.134/8471/inbound/191.100.228.28/17537,0.19413155462998324,169.70523725624594,874.1764705882352,249.76737428629374,1286.5882352941176
2024-01-01 00:14:00,32.658087096372526,UDP,236.185.232.208,21392,outbound,146.220.133.52,18825,ACK,0,1,377,93177,30525,236.185.232.208/21392/outbound/146.220.133.52/18825,11.54384820174832,934.6842608975264,80.96816976127322,2853.106482478258,247.15384615384616
2024-01-01 00:15:00,237.54069461059584,TCP,66.79.166.254,21295,inbound,210.159.123.41,30870,ACK,4,3,765,68297,15377,66.79.166.254/21295/inbound/210.159.123.41/30870,3.220500812520046,64.73417123414477,20.10065359477124,287.5170509708256,89.27712418300653
2024-01-01 00:16:00,51.3092898437593,TCP,125.145.102.128,1363,inbound,47.158.189.183,40590,ACK,2,1,73,80945,55394,125.145.102.128/1363/inbound/47.158.189.183/40590,1.4227443065825032,1079.60956327166,758.8219178082192,1577.5895602235714,1108.835616438356
2024-01-01 00:17:00,11.108724043108053,ICMP,191.130.126.20,54997,inbound,246.10.153.219,24181,FIN,2,2,212,18323,3721,191.130.126.20/54997/inbound/246.10.153.219/24181,19.08409995399306,334.9619619283405,17.55188679245283,1649.4243559293154,86.42924528301887
2024-01-01 00:18:00,55.75382336323983,ICMP,126.123.157.10,53957,outbound,155.82.184.108,29387,FIN,1,3,432,71541,70527,126.123.157.10/53957/outbound/155.82.184.108/29387,7.748347538167769,1264.9715435749033,163.25694444444446,1283.1586371019916,165.60416666666666
2024-01-01 00:19:00,229.53645267214984,TCP,22.110.124.56,20998,inbound,27.186.61.147,51583,ACK,3,3,724,68067,78052,22.110.124.56/20998/inbound/27.186.61.147/51583,3.1541831006428396,340.0418499604626,107.80662983425414,296.5411341318455,94.01519337016575
2024-01-01 00:20:00,121.5973093937243,TCP,89.130.157.215,27533,outbound,131.143.102.43,6160,ACK,3,3,763,73392,50806,89.130.157.215/27533/outbound/131.143.102.43/6160,6.274809893444721,417.8217450148788,66.58715596330275,603.5659865002556,96.18872870249017
2024-01-01 00:21:00,261.76890300217,UDP,128.44.35.86,38922,inbound,93.206.29.167,58961,CON,1,0,168,70989,45009,128.44.35.86/38922/inbound/93.206.29.167/58961,0.6417874624267624,171.94173747836993,267.9107142857143,271.1895843465085,422.55357142857144
2024-01-01 00:22:00,157.4597916005615,UDP,118.71.191.181,57867,outbound,119.240.192.28,18445,ACK,1,1,775,50217,70174,118.71.191.181/57867/outbound/119.240.192.28/18445,4.921891437313679,445.6629802865163,90.54709677419355,318.9195126549433,64.79612903225807
2024-01-01 00:23:00,6.772880542706654,UDP,68.177.102.234,27245,outbound,245.254.29.103,60496,ACK,0,4,331,1837,28130,68.177.102.234/27245/outbound/245.254.29.103/60496,48.87137723939866,4153.328827022007,84.98489425981873,271.2287612953938,5.549848942598187
2024-01-01 00:24:00,215.0424115196178,UDP,159.28.186.163,62596,inbound,110.31.137.218,61646,ACK,4,2,981,82504,24594,159.28.186.163/62596/inbound/110.31.137.218/61646,4.561890805946927,114.36813708609452,25.07033639143731,383.66385224652936,84.1019367991845
2024-01-01 00:25:00,33.158849325497684,TCP,205.104.72.118,65412,inbound,51.135.178.35,13515,ACK,3,1,742,32576,76397,205.104.72.118/65412/inbound/51.135.178.35/13515,22.37713355841437,2303.970178520462,102.96091644204851,982.4225105106558,43.902964959568735
2024-01-01 00:26:00,236.83495207523112,TCP,85.242.194.88,28287,inbound,234.54.162.35,8570,FIN,1,2,751,24425,18783,85.242.194.88/28287/inbound/234.54.162.35/8570,3.170984660074343,79.3083952998354,25.010652463382158,103.13089257299045,32.52330226364847
2024-01-01 00:27:00,50.51395468657349,TCP,89.75.220.138,57491,outbound,240.55.35.88,6927,ACK,1,1,787,12426,54261,89.75.220.138/57491/outbound/240.55.35.88/6927,15.579853228343316,1074.1784193432486,68.94663278271919,245.99143102337237,15.789072426937738
2024-01-01 00:28:00,103.69937110307347,UDP,116.138.240.252,8757,outbound,212.188.61.243,47647,REQ,4,4,494,90222,40746,116.138.240.252/8757/outbound/212.188.61.243/47647,4.763770452464766,392.9242729881161,82.48178137651821,870.0342059965103,182.63562753036436
2024-01-01 00:29:00,228.40530174464556,TCP,154.52.141.63,46902,outbound,109.244.208.86,17430,ACK,1,2,143,13011,48143,154.52.141.63/46902/outbound/109.244.208.86/17430,0.6260800380188737,210.7788200723261,336.6643356643357,56.96452709554941,90.98601398601399
2024-01-01 00:30:00,286.2739841071788,ICMP,208.247.137.30,6073,inbound,153.239.63.187,15973,FIN,0,4,582,29180,47092,208.247.137.30/6073/inbound/153.239.63.187/15973,2.0330174319371737,164.49975413193366,80.91408934707904,101.93032416482257,50.13745704467354
2024-01-01 00:31:00,111.49304179895502,UDP,223.35.9.25,44110,inbound,57.112.222.69,10849,REQ,4,2,445,22735,53566,223.35.9.25/44110/inbound/57.112.222.69/10849,3.9912804675508533,480.4425382580427,120.37303370786516,203.9140706286936,51.08988764044944
2024-01-01 00:32:00,248.8371260376608,ICMP,20.124.43.61,46425,inbound,227.255.179.183,7311,REQ,0,0,824,51279,37537,20.124.43.61/46425/inbound/227.255.179.183/7311,3.311402977204012,150.84967664479007,45.554611650485434,206.07455493694727,62.23179611650485
2024-01-01 00:33:00,57.31860041620403,UDP,201.78.8.70,22112,inbound,191.195.231.19,45985,ACK,2,0,394,5313,40899,201.78.8.70/22112/inbound/191.195.231.19/45985,6.873859395363321,713.5380086572702,103.80456852791878,92.6924237755465,13.48477157360406
2024-01-01 00:34:00,242.17321308372703,TCP,90.23.139.59,16632,inbound,233.53.0.236,62567,ACK,3,2,512,57242,14600,90.23.139.59/16632/inbound/233.53.0.236/62567,2.114189234558263,60.28742739170047,28.515625,236.3680081339533,111.80078125
2024-01-01 00:35:00,197.2824683709497,UDP,84.119.77.213,1662,outbound,90.225.246.137,35197,FIN,1,2,686,63645,76450,84.119.77.213/1662/outbound/90.225.246.137/35197,3.4772476523870135,387.51542715012704,111.44314868804665,322.6084939302791,92.77696793002916
2024-01-01 00:36:00,57.90377781298929,ICMP,16.28.159.210,8733,inbound,151.178.112.151,43462,REQ,4,4,848,28040,49749,16.28.159.210/8733/inbound/151.178.112.151/43462,14.644985733724821,859.1667397017408,58.66627358490566,484.25165091231605,33.06603773584906
2024-01-01 00:37:00,90.82093770938832,UDP,119.34.42.95,6167,outbound,13.156.185.109,56643,REQ,0,3,621,48704,78210,119.34.42.95/6167/outbound/13.156.185.109/56643,6.837630348930059,861.1450395971335,125.94202898550725,536.2640072693874,78.42834138486312
2024-01-01 00:38:00,39.61808949025109,ICMP,119.52.19.114,63958,inbound,91.94.42.137,18602,FIN,3,2,715,89001,68947,119.52.19.114/63958/inbound/91.94.42.137/18602,18.0473114478663,1740.290884469983,96.42937062937062,2246.4737988413267,124.47692307692307
2024-01-01 00:39:00,114.95180661818756,TCP,232.211.7.121,2248,inbound,159.230.73.215,42559,ACK,3,1,697,74432,13757,232.211.7.121/2248/inbound/159.230.73.215/42559,6.0634105761824655,119.6762400237334,19.737446197991392,647.5061348729029,106.78909612625539
2024-01-01 00:40:00,61.17422747287089,ICMP,227.41.76.232,48258,inbound,225.13.98.108,8947,CON,1,1,803,49219,1974,227.41.76.232/48258/inbound/225.13.98.108/8947,13.126442836668575,32.26849085875936,2.4582814445828145,804.5708467969995,61.29389788293898
2024-01-01 00:41:00,193.23498629377897,TCP,70.110.15.68,62073,inbound,162.144.148.95,35398,CON,3,1,328,82988,78233,70.110.15.68/62073/inbound/162.144.148.95/35398,1.697415184956906,404.85939684370004,238.515243902439,429.46674197927956,253.0121951219512
2024-01-01 00:42:00,298.35208075574553,ICMP,53.172.178.225,64867,inbound,195.57.206.135,62737,REQ,1,0,604,61704,29068,53.172.178.225/64867/inbound/195.57.206.135/62737,2.0244537878536932,97.42851441279993,48.12582781456954,206.8160538505369,102.15894039735099
2024-01-01 00:43:00,3.701548008970816,TCP,6.122.32.206,49071,outbound,96.37.153.63,42435,REQ,2,4,259,16920,21081,6.122.32.206/49071/outbound/96.37.153.63/42435,69.97072559164585,5695.1848115733055,81.39382239382239,4571.06052899864,65.32818532818533
2024-01-01 00:44:00,162.32185200486086,ICMP,15.13.166.62,45894,inbound,158.8.120.31,65392,ACK,1,0,834,76602,65214,15.13.166.62/45894/inbound/158.8.120.31/65392,5.13794039249272,401.7573678129739,78.19424460431655,471.91428051046444,91.84892086330935
2024-01-01 00:45:00,172.142612604948,TCP,5.243.120.89,38037,outbound,11.213.161.104,9340,CON,0,1,437,67445,68287,5.243.120.89/38037/outbound/11.213.161.104/9340,2.5385928178217916,396.68853032173155,156.26315789473685,391.79723706634036,154.33638443935928
2024-01-01 00:46:00,274.27121602527546,TCP,240.208.106.238,10765,outbound,146.146.181.81,45438,REQ,3,2,718,39414,49623,240.208.106.238/10765/outbound/146.146.181.81/45438,2.617846708106011,180.92675096983925,69.11281337047353,143.70447096558541,54.8941504178273
2024-01-01 00:47:00,151.85099989660455,TCP,180.15.98.165,55599,outbound,37.81.11.3,11580,ACK,3,1,564,40975,16769,180.15.98.165/55599/outbound/37.81.11.3/11580,3.7141671795643623,110.43061956403332,29.7322695035461,269.8368797564712,72.65070921985816
2024-01-01 00:48:00,163.1560557515107,ICMP,53.214.76.224,64028,outbound,239.42.154.50,11082,CON,3,2,349,71141,9768,53.214.76.224/64028/outbound/239.42.154.50/11082,2.1390563677975436,59.86906189296964,27.988538681948423,436.0303984569772,203.84240687679082
2024-01-01 00:49:00,141.54867511838373,ICMP,93.180.173.97,62513,inbound,5.133.204.86,40042,FIN,1,4,693,96285,106,93.180.173.97/62513/inbound/5.133.204.86/40042,4.895842362497649,0.7488590049419204,0.15295815295815296,680.225370668234,138.93939393939394
2024-01-01 00:50:00,80.74440093798826,TCP,98.218.142.58,24015,inbound,106.55.216.109,35475,REQ,4,3,950,70893,15402,98.218.142.58/24015/inbound/106.55.216.109/35475,11.765521682792599,190.75006837723328,16.21263157894737,877.9927670086482,74.62421052631579
2024-01-01 00:51:00,16.903137061349213,UDP,178.136.25.2,41199,inbound,68.243.246.95,26506,FIN,1,2,815,80687,47870,178.136.25.2/41199/inbound/68.243.246.95/26506,48.21590199748084,2832.0186854225867,58.736196319018404,4773.492618982499,99.00245398773006
2024-01-01 00:52:00,122.65643889472985,TCP,100.46.4.61,27105,inbound,44.142.89.41,45518,CON,0,0,515,5009,68733,100.46.4.61/27105/inbound/44.142.89.41/45518,4.198719648480908,560.3700924253169,133.4621359223301,40.837644115030805,9.726213592233009
2024-01-01 00:53:00,15.872182225079492,UDP,212.83.132.137,58249,inbound,139.72.10.193,26029,ACK,1,1,449,92981,69123,212.83.132.137/58249/inbound/139.72.10.193/26029,28.288485706177134,4354.977722646063,153.94877505567928,5858.11066691772,207.08463251670378
2024-01-01 00:54:00,165.19269159282874,TCP,80.62.24.43,48582,outbound,237.154.245.57,20159,ACK,3,1,399,14966,771,80.62.24.43/48582/outbound/237.154.245.57/20159,2.4153610922659072,4.667276697085249,1.9323308270676691,90.59722833797386,37.50877192982456
2024-01-01 00:55:00,92.2573636083637,ICMP,153.157.13.85,58328,inbound,218.199.127.252,24912,CON,2,1,596,42889,52019,153.157.13.85/58328/inbound/218.199.127.252/24912,6.460188939823215,563.8465913769527,87.28020134228188,464.8843010739562,71.96140939597315
2024-01-01 00:56:00,160.1273602174758,UDP,171.155.221.18,16666,inbound,21.20.71.128,33505,FIN,0,2,214,90504,40244,171.155.221.18/16666/inbound/21.20.71.128/33505,1.3364361949722863,251.32494500217143,188.05607476635515,565.2000999522047,422.9158878504673
2024-01-01 00:57:00,40.37565962211649,ICMP,102.169.19.226,62798,outbound,102.185.12.72,29425,ACK,2,4,546,94163,46606,102.169.19.226/62798/outbound/102.185.12.72/29425,13.522998883736348,1154.30931497329,85.35897435897436,2332.172424705615,172.45970695970695
2024-01-01 00:58:00,279.795726725234,UDP,214.78.138.181,10591,inbound,220.5.238.214,41455,REQ,0,2,562,66097,46825,214.78.138.181/10591/inbound/220.5.238.214/41455,2.0086082320760292,167.35423570633463,83.3185053380783,236.2330575009418,117.61032028469751
2024-01-01 00:59:00,268.3669209406255,UDP,98.120.151.197,42651,inbound,112.227.251.185,65483,FIN,0,0,289,28560,79932,98.120.151.197/42651/inbound/112.227.251.185/65483,1.076883838690162,297.8459480767544,276.5813148788927,106.4214617058513,98.82352941176471
2024-01-01 01:00:00,57.07995310976512,UDP,17.155.49.222,39560,outbound,17.72.11.85,25961,FIN,3,1,841,48600,39933,17.155.49.222/39560/outbound/17.72.11.85/25961,14.733719181281588,699.5976314698189,47.48275862068966,851.4372796792927,57.78834720570749
2024-01-01 01:01:00,103.09894055987355,UDP,228.182.200.9,52550,inbound,243.179.121.203,46875,REQ,1,2,259,68869,10961,228.182.200.9/52550/inbound/243.179.121.203/46875,2.512149965785426,106.3153504825253,42.32046332046332,667.9894053809903,265.9034749034749
2024-01-01 01:02:00,184.08648227840865,ICMP,149.57.161.94,54266,outbound,246.69.107.200,58799,CON,3,1,258,12228,65845,149.57.161.94/54266/outbound/246.69.107.200/58799,1.4015151835527284,357.6851444225946,255.21317829457365,66.425301025127,47.395348837209305
2024-01-01 01:03:00,28.79629357104129,UDP,221.106.170.138,18423,outbound,52.36.116.2,52898,ACK,3,0,388,5302,20922,221.106.170.138/18423/outbound/52.36.116.2/52898,13.473956259085663,726.5518372489439,53.922680412371136,184.1209177465778,13.664948453608247
2024-01-01 01:04:00,106.43488955273362,TCP,33.185.45.188,34127,inbound,226.7.137.46,55815,FIN,3,3,784,96894,74377,33.185.45.188/34127/inbound/226.7.137.46/55815,7.366005670645844,698.8028109255433,94.8686224489796,910.359379402498,123.58928571428571
2024-01-01 01:05:00,75.40857481701993,TCP,190.128.148.61,46745,outbound,169.63.41.42,14170,ACK,2,3,694,65427,73122,190.128.148.61/46745/outbound/169.63.41.42/14170,9.203197404061829,969.6775224492926,105.36311239193084,867.633424431633,94.27521613832853
2024-01-01 01:06:00,274.66346694213735,UDP,192.86.248.72,16354,inbound,125.136.13.228,31125,ACK,0,3,545,48065,44587,192.86.248.72/16354/inbound/125.136.13.228/31125,1.9842464164147966,162.3332017774065,81.81100917431192,174.99597065133432,88.19266055045871
2024-01-01 01:07:00,255.76793982313265,ICMP,184.0.20.21,17488,inbound,91.232.223.131,12277,FIN,4,1,265,31338,16910,184.0.20.21/17488/inbound/91.232.223.131/12277,1.0360954550568435,66.1146194151367,63.81132075471698,122.52512970026929,118.2566037735849
2024-01-01 01:08:00,173.99183910593243,ICMP,182.3.64.178,3158,inbound,2.114.224.212,49528,CON,1,2,313,79358,70869,182.3.64.178/3158/inbound/2.114.224.212/49528,1.798934947801974,407.3122070791632,226.4185303514377,456.1018517177925,253.53993610223642
2024-01-01 01:09:00,156.15186642778508,UDP,202.62.142.243,60167,outbound,1.235.74.64,4247,FIN,3,1,40,49340,30793,202.62.142.243/60167/outbound/1.235.74.64/4247,0.2561608830881227,197.19905182331402,769.825,315.9744492891993,1233.5
2024-01-01 01:10:00,279.2246657841646,ICMP,36.28.179.173,50433,outbound,174.186.202.124,6465,CON,0,4,998,83683,42609,36.28.179.173/50433/outbound/174.186.202.124/6465,3.5741828079451805,152.59755036446512,42.69438877755511,299.69773538805265,83.85070140280561
2024-01-01 01:11:00,279.7350921153468,ICMP,69.156.110.174,30686,outbound,135.65.142.71,43614,REQ,1,2,820,68937,72991,69.156.110.174/30686/outbound/135.65.142.71/43614,2.93134477265326,260.9290076838221,89.01341463414634,246.43672511268022,84.06951219512194
2024-01-01 01:12:00,290.80210459296296,ICMP,219.152.207.143,1208,outbound,246.115.120.46,41173,CON,4,0,210,54389,32255,219.152.207.143/1208/outbound/246.115.120.46/41173,0.7221405783632067,110.91735407192968,153.5952380952381,187.03097103141167,258.9952380952381
2024-01-01 01:13:00,37.701127344045474,UDP,100.216.40.192,31411,outbound,90.39.252.41,13887,CON,4,3,272,32644,17695,100.216.40.192/31411/outbound/90.39.252.41/13887,7.214638371893666,469.34936025977356,65.05514705882354,865.8627022503559,120.01470588235294
2024-01-01 01:14:00,48.251287447874745,TCP,197.232.147.196,57017,outbound,179.34.243.237,38976,FIN,3,2,136,60164,71909,197.232.147.196/57017/outbound/179.34.243.237/38976,2.818577642035336,1490.3022033905806,528.7426470588235,1246.889009230985,442.38235294117646
2024-01-01 01:15:00,203.053335934098,TCP,164.220.239.225,50298,outbound,233.40.84.123,30588,ACK,4,2,599,97219,71523,164.220.239.225/50298/outbound/233.40.84.123/30588,2.949963846909703,352.23750287566395,119.40400667779633,478.7855346122111,162.30217028380633
2024-01-01 01:16:00,162.4761995352925,TCP,186.47.209.129,41848,outbound,57.37.199.234,17677,ACK,4,3,60,93149,50784,186.47.209.129/41848/outbound/57.37.199.234/17677,0.3692848563150138,312.56270238502765,846.4,573.3085846814537,1552.4833333333333
2024-01-01 01:17:00,5.637924877481464,TCP,208.156.224.143,8287,outbound,96.135.235.201,25112,CON,1,0,510,81276,30481,208.156.224.143/8287/outbound/96.135.235.201/25112,90.45881438346227,5406.421806318262,59.766666666666666,14415.942348686822,159.36470588235295
2024-01-01 01:18:00,18.68631329325686,TCP,163.110.61.106,54876,outbound,63.86.131.175,23523,CON,1,1,676,22513,60964,163.110.61.106/54876/outbound/63.86.131.175/23523,36.17621033058143,3262.494802653205,90.18343195266272,1204.7855372372483,33.303254437869825
2024-01-01 01:19:00,266.43530663941567,ICMP,106.208.131.112,56834,outbound,52.37.221.232,43107,FIN,3,1,515,82441,17932,106.208.131.112/56834/outbound/52.37.221.232/43107,1.932927007669382,67.30339243015021,34.81941747572816,309.4222047364496,160.07961165048545
2024-01-01 01:20:00,260.674351582262,ICMP,68.178.88.160,14215,inbound,87.4.212.119,61544,CON,0,2,15,85769,78589,68.178.88.160/14215/inbound/87.4.212.119/61544,0.057543060561776806,301.4834390992985,5239.266666666666,329.0273840882023,5717.933333333333
2024-01-01 01:21:00,107.24554950661393,ICMP,78.151.74.24,4538,outbound,70.112.208.216,24706,FIN,3,3,614,48999,43396,78.151.74.24/4538/outbound/70.112.208.216/24706,5.725179299511483,404.64149980716667,70.67752442996742,456.88609201427226,79.8029315960912
2024-01-01 01:22:00,267.32608001746735,UDP,156.6.112.35,55809,inbound,24.85.204.144,33156,REQ,2,4,255,86991,13029,156.6.112.35/55809/inbound/24.85.204.144/33156,0.9538912177343043,48.738230101412746,51.09411764705882,325.4115722428426,341.1411764705882
2024-01-01 01:23:00,178.14315481193074,ICMP,10.112.35.222,33758,inbound,206.225.217.210,61760,CON,4,0,737,88865,44878,10.112.35.222/33758/inbound/206.225.217.210/61760,4.137122196909926,251.92099043815966,60.89280868385346,498.8403853845327,120.57666214382633
2024-01-01 01:24:00,241.79110354096863,TCP,211.17.240.133,7101,inbound,26.251.2.1,5557,REQ,0,1,722,70069,7278,211.17.240.133/7101/inbound/26.251.2.1/5557,2.9860486569873554,30.100363054783895,10.0803324099723,289.79147277901245,97.04847645429363
2024-01-01 01:25:00,128.28657824094824,ICMP,220.134.101.248,51570,inbound,92.1.149.70,18450,CON,1,0,535,33133,74886,220.134.101.248/51570/inbound/92.1.149.70/18450,4.170350533437421,583.7399440130743,139.97383177570094,258.2733163072562,61.93084112149533
2024-01-01 01:26:00,34.10815837073813,TCP,140.168.241.254,36144,outbound,4.240.37.102,15584,CON,2,0,235,1478,74267,140.168.241.254/36144/outbound/4.240.37.102/15584,6.8898472161900655,2177.3969498076067,316.02978723404254,43.33274121501667,6.2893617021276595
2024-01-01 01:27:00,130.17474608754026,ICMP,191.225.24.208,49508,inbound,212.69.200.51,35433,REQ,2,0,131,6603,73853,191.225.24.208/49508/inbound/212.69.200.51/35433,1.0063395853440327,567.3373847054415,563.763358778626,50.724124290279754,50.404580152671755
2024-01-01 01:28:00,137.24420941926965,TCP,181.32.86.72,61587,inbound,252.30.253.153,16949,REQ,4,3,670,42874,70958,181.32.86.72/61587/inbound/252.30.253.153/16949,4.881808878021263,517.0199915919892,105.90746268656716,312.39205050191583,63.9910447761194
2024-01-01 01:29:00,165.3281637327968,ICMP,6.189.193.229,10524,inbound,36.153.155.132,65501,FIN,1,3,685,59708,38968,6.189.193.229/10524/inbound/36.153.155.132/65501,4.143274712148235,235.7009182233466,56.88759124087591,361.14838906999535,87.16496350364963
2024-01-01 01:30:00,31.76425560003796,TCP,137.66.143.216,16016,outbound,115.73.17.14,24011,FIN,0,3,17,33717,10970,137.66.143.216/16016/outbound/115.73.17.14/24011,0.5351927718394157,345.3567474751995,645.2941176470588,1061.476158124093,1983.3529411764705
2024-01-01 01:31:00,297.4214187285785,TCP,216.238.92.107,56137,inbound,185.252.96.4,11657,REQ,1,2,882,4914,27835,216.238.92.107/56137/inbound/185.252.96.4/11657,2.965489182892028,93.58774535804945,31.558956916099774,16.522011161827013,5.571428571428571
2024-01-01 01:32:00,73.3166325599912,UDP,183.167.25.37,54120,inbound,37.103.85.213,37089,CON,4,3,954,58435,25228,183.167.25.37/54120/inbound/37.103.85.213/37089,13.012054245936502,344.0965456147653,26.444444444444443,797.0224212382594,61.25262054507338
2024-01-01 01:33:00,59.64586582077416,ICMP,163.214.195.186,11157,outbound,150.179.14.16,57231,FIN,2,2,826,23863,72047,163.214.195.186/11157/outbound/150.179.14.16/57231,13.848403215102815,1207.912719659216,87.22397094430993,400.0780216973347,28.889830508474578
2024-01-01 01:34:00,158.08819536489534,TCP,234.141.244.247,7429,outbound,51.252.44.190,51559,CON,4,1,992,10100,14102,234.141.244.247/7429/outbound/51.252.44.190/51559,6.274978329092122,89.2033713677995,14.215725806451612,63.88838822966778,10.181451612903226
2024-01-01 01:35:00,161.20873300052708,ICMP,175.102.198.199,31293,outbound,122.155.186.213,31149,ACK,3,1,878,80924,72918,175.102.198.199/31293/outbound/122.155.186.213/31149,5.44635506810372,452.32040871980297,83.0501138952164,501.98273067337743,92.16856492027335
2024-01-01 01:36:00,132.00223927618995,TCP,42.178.146.65,17898,outbound,149.169.208.196,5020,FIN,2,1,185,3374,49433,42.178.146.65/17898/outbound/149.169.208.196/5020,1.4014913763161407,374.486071380734,267.20540540540543,25.56017245238194,18.237837837837837
2024-01-01 01:37:00,231.5904546829438,UDP,175.192.41.37,32481,outbound,82.144.195.245,1038,FIN,4,1,391,49968,377,175.192.41.37/32481/outbound/82.144.195.245/1038,1.6883251968881618,1.6278736553116036,0.9641943734015346,215.76018782124723,127.79539641943734
2024-01-01 01:38:00,155.04465477850792,UDP,246.140.105.171,51230,outbound,135.88.100.39,15919,FIN,0,1,423,54332,70825,246.140.105.171/51230/outbound/135.88.100.39/15919,2.7282462630155484,456.80388079923455,167.43498817966903,350.42807556066373,128.44444444444446
2024-01-01 01:39:00,182.94766699798072,UDP,152.95.157.69,18109,outbound,168.42.72.210,2698,ACK,0,3,846,14327,75664,152.95.157.69/18109/outbound/168.42.72.210/2698,4.624273235522253,413.5827542465198,89.43735224586288,78.31201258312922,16.93498817966903
2024-01-01 01:40:00,217.1515409837949,UDP,38.96.107.118,36726,outbound,179.200.22.94,38891,REQ,0,4,442,17379,7088,38.96.107.118/36726/outbound/179.200.22.94/38891,2.035444915553165,32.64079991276206,16.036199095022624,80.03166784479288,39.31900452488688
2024-01-01 01:41:00,7.605027959003596,TCP,151.73.56.109,55563,outbound,160.243.158.16,21025,CON,3,3,696,75004,8098,151.73.56.109/55563/outbound/160.243.158.16/21025,91.51840121455507,1064.821857809579,11.635057471264368,9862.42265042599,107.76436781609195
2024-01-01 01:42:00,171.2361903452589,ICMP,79.251.150.247,15371,inbound,112.102.57.85,58275,ACK,1,4,655,65040,15004,79.251.150.247/15371/inbound/112.102.57.85/58275,3.8251259776297357,87.62166437917031,22.906870229007634,379.8262497481496,99.29770992366412
2024-01-01 01:43:00,265.26992192138795,UDP,36.56.254.253,14526,outbound,35.29.191.180,56733,REQ,0,3,556,42836,57591,36.56.254.253/14526/outbound/35.29.191.180/56733,2.095978300037986,217.10339258540944,103.58093525179856,161.4808029863798,77.0431654676259
2024-01-01 01:44:00,5.314884003337628,UDP,129.199.2.13,47503,inbound,179.103.164.217,55650,FIN,3,1,12,96642,45521,129.199.2.13/47503/inbound/179.103.164.217/55650,2.2578103289675315,8564.815332077584,3793.4166666666665,18183.275484340014,8053.5
2024-01-01 01:45:00,121.61411292990822,UDP,209.33.238.69,14872,inbound,122.133.33.55,18888,REQ,0,0,520,93016,68365,209.33.238.69/14872/inbound/122.133.33.55/18888,4.275819536665945,562.1469281233987,131.47115384615384,764.8454423509991,178.87692307692308
2024-01-01 01:46:00,277.8756123167284,ICMP,69.237.178.232,23445,outbound,224.24.114.12,27345,REQ,3,4,80,93604,13275,69.237.178.232/23445/outbound/224.24.114.12/27345,0.28789860086323205,47.77317408074257,165.9375,336.85575794002466,1170.05
2024-01-01 01:47:00,106.01100524453308,TCP,104.28.226.209,15450,outbound,63.229.101.193,25106,REQ,0,0,809,9751,13581,104.28.226.209/15450/outbound/63.229.101.193/25106,7.63128316851537,128.10934080544777,16.787391841779975,91.98101628701284,12.053152039555005
2024-01-01 01:48:00,137.67277437765222,TCP,232.47.93.78,5719,outbound,122.119.132.202,53222,CON,1,1,674,79539,70921,232.47.93.78/5719/outbound/122.119.132.202/53222,4.895666576393243,515.1417941608089,105.22403560830861,577.7395012162347,118.01038575667656
2024-01-01 01:49:00,294.4642637739894,TCP,117.206.143.184,49995,outbound,11.215.205.108,41155,REQ,4,4,302,84563,9580,117.206.143.184/49995/outbound/11.215.205.108/41155,1.0255913438507924,32.533659185730436,31.721854304635762,287.1757642717038,280.00993377483445
2024-01-01 01:50:00,59.87722529927708,TCP,225.137.146.228,16884,inbound,222.103.110.171,6981,REQ,0,0,216,7871,59085,225.137.146.228/16884/inbound/222.103.110.171/6981,3.6073815865780916,986.7691714952155,273.5416666666667,131.45231698127853,36.43981481481482
2024-01-01 01:51:00,19.670031218589283,ICMP,242.66.163.131,47889,inbound,227.212.246.68,5234,REQ,4,3,248,79096,24841,242.66.163.131/47889/inbound/227.212.246.68/5234,12.608012526468492,1262.8856418145315,100.16532258064517,4021.1425757804514,318.93548387096774
2024-01-01 01:52:00,257.8408349993052,ICMP,75.232.160.27,48428,outbound,102.1.167.36,49568,REQ,0,1,541,70273,1699,75.232.160.27/48428/outbound/102.1.167.36/49568,2.098193639504223,6.589336402065943,3.1404805914972274,272.5441065228841,129.8946395563771
2024-01-01 01:53:00,260.55275582958933,ICMP,224.120.254.207,26734,inbound,118.48.249.225,55647,ACK,1,3,272,40934,13522,224.120.254.207/26734/inbound/118.48.249.225/55647,1.0439344582403787,51.89735935414118,49.713235294117645,157.10445997651345,150.49264705882354
2024-01-01 01:54:00,141.67614262053593,UDP,9.202.133.122,58447,outbound,75.163.74.200,51151,ACK,4,3,133,3653,68448,9.202.133.122/58447/outbound/75.163.74.200/51151,0.9387607365639956,483.1300368145291,514.6466165413534,25.784157674197566,27.466165413533833
2024-01-01 01:55:00,154.31073162573813,ICMP,49.90.124.75,26435,inbound,198.247.33.57,19093,REQ,3,1,5,34217,27184,49.90.124.75/26435/inbound/198.247.33.57/19093,0.0324021534168271,176.16402769660556,5436.8,221.74089669271456,6843.4
2024-01-01 01:56:00,250.758330248389,TCP,150.103.175.228,9867,inbound,111.164.95.59,35875,REQ,0,4,756,89216,66503,150.103.175.228/9867/inbound/111.164.95.59/35875,3.0148549771054194,265.20754040005517,87.96693121693121,355.78479052571043,118.01058201058201
2024-01-01 01:57:00,221.59399348492693,ICMP,149.32.208.183,32176,outbound,140.236.31.208,27889,REQ,0,2,542,77158,12494,149.32.208.183/32176/outbound/140.236.31.208/27889,2.445914672488031,56.38239468277761,23.051660516605168,348.195358486774,142.3579335793358
2024-01-01 01:58:00,79.61818576488149,UDP,157.52.39.201,50592,outbound,132.105.32.42,19094,FIN,3,2,629,62237,41171,157.52.39.201/50592/outbound/132.105.32.42/19094,7.900205134760097,517.105477906531,65.45468998410175,781.6932702258572,98.94594594594595
2024-01-01 01:59:00,5.166317185948384,TCP,18.174.243.12,16597,inbound,112.106.8.225,5182,REQ,1,1,690,34990,38267,18.174.243.12/16597/inbound/112.106.8.225/5182,133.5574211116378,7407.017150259485,55.459420289855075,6772.716180719141,50.710144927536234
2024-01-01 02:00:00,143.96207874381037,ICMP,155.189.73.95,39358,outbound,231.178.221.113,56985,REQ,2,2,773,93840,22116,155.189.73.95/39358/outbound/231.178.221.113/56985,5.369469562714515,153.6237889378968,28.610608020698578,651.8383231114232,121.39715394566623
2024-01-01 02:01:00,257.68780659608285,TCP,105.172.130.149,31761,inbound,125.19.166.150,58876,ACK,0,0,747,79528,68397,105.172.130.149/31761/inbound/125.19.166.150/58876,2.8988566043052937,265.42583020705376,91.56224899598394,308.62151007656144,106.46318607764391
2024-01-01 02:02:00,268.7608195393796,TCP,155.182.66.32,55349,outbound,41.43.124.34,50363,ACK,3,4,141,8789,36239,155.182.66.32/55349/outbound/41.43.124.34/50363,0.5246300418403816,134.83736231385527,257.01418439716315,32.70193927471713,62.333333333333336
2024-01-01 02:03:00,286.87223650313854,ICMP,2.74.173.73,39791,outbound,151.245.57.47,36574,ACK,2,3,483,28163,74876,2.74.173.73/39791/outbound/151.245.57.47/36574,1.6836763497492226,261.00817880708655,155.02277432712216,98.17262326705458,58.30848861283644
2024-01-01 02:04:00,263.8810149600731,ICMP,231.246.251.160,29280,outbound,231.214.57.100,21596,CON,0,3,305,57298,63527,231.246.251.160/29280/outbound/231.214.57.100/21596,1.1558239612127779,240.7410779802103,208.28524590163934,217.1357420641631,187.8622950819672
2024-01-01 02:05:00,174.0550622338997,UDP,186.134.142.25,37658,outbound,57.214.166.155,5124,FIN,4,1,345,79698,35539,186.134.142.25/37658/outbound/57.214.166.155/5124,1.9821313759687156,204.18251295812226,103.01159420289855,457.8895837737817,231.0086956521739
2024-01-01 02:06:00,133.43721921090665,ICMP,139.127.165.26,42729,outbound,64.61.82.112,45493,REQ,3,3,562,1463,27334,139.127.165.26/42729/outbound/64.61.82.112/45493,4.21171846448419,204.84539592208336,48.637010676156585,10.963957497402793,2.6032028469750887
2024-01-01 02:07:00,232.47746897557627,ICMP,246.230.134.128,3026,outbound,112.61.93.212,16549,ACK,4,0,270,16791,24748,246.230.134.128/3026/outbound/112.61.93.212/16549,1.1614028713826277,106.4533268925084,91.65925925925926,72.22635412365074,62.18888888888889
2024-01-01 02:08:00,221.97250814624235,ICMP,202.20.78.157,17647,outbound,216.84.25.178,61885,CON,1,0,108,2851,43710,202.20.78.157/17647/outbound/216.84.25.178/61885,0.4865467390621467,196.9162774482077,404.72222222222223,12.843932898760928,26.39814814814815
2024-01-01 02:09:00,161.48921468142814,TCP,94.7.215.82,61261,inbound,121.49.254.114,19480,REQ,2,1,558,7882,19687,94.7.215.82/61261/inbound/121.49.254.114/19480,3.4553391141369647,121.90907014339503,35.28136200716846,48.80821307818558,14.125448028673835
2024-01-01 02:10:00,26.289479030284888,UDP,3.54.142.35,52120,outbound,252.35.153.32,56827,REQ,3,3,474,83284,48074,3.54.142.35/52120/outbound/252.35.153.32/56827,18.030026363548807,1828.6402687789985,101.42194092827005,3167.9593157421914,175.70464135021098
2024-01-01 02:11:00,277.83179590139696,TCP,6.120.41.49,56737,inbound,123.99.67.72,1121,ACK,0,2,82,12640,60455,6.120.41.49/56737/inbound/123.99.67.72/1121,0.2951426050209961,217.59568520175998,737.2560975609756,45.49515277396818,154.14634146341464
2024-01-01 02:12:00,136.73520099674846,ICMP,112.145.229.210,42839,outbound,136.193.220.22,10507,REQ,0,2,638,46091,61355,112.145.229.210/42839/outbound/136.193.220.22/10507,4.665952844250922,448.71400745927167,96.16771159874608,337.0821826714252,72.24294670846395
2024-01-01 02:13:00,109.06380119668763,UDP,241.49.29.204,61883,inbound,70.54.170.227,56981,REQ,2,4,84,70975,33606,241.49.29.204/61883/inbound/70.54.170.227/56981,0.7701913841102318,308.1315673143863,400.07142857142856,650.7658748479012,844.9404761904761
2024-01-01 02:14:00,188.9072618111146,ICMP,39.115.139.225,49717,outbound,254.109.148.149,37256,REQ,4,1,290,92656,69611,39.115.139.225/49717/outbound/254.109.148.149/37256,1.5351447965508411,368.49298080241584,240.03793103448277,490.4840561007404,319.50344827586207
2024-01-01 02:15:00,202.1840045539764,TCP,59.75.171.215,61014,outbound,9.161.186.248,2811,ACK,4,4,71,27709,72327,59.75.171.215/61014/outbound/9.161.186.248/2811,0.3511652672852533,357.7285955907115,1018.6901408450705,137.0484280451702,390.2676056338028
2024-01-01 02:16:00,63.2853063173874,TCP,132.163.241.47,64260,inbound,154.128.227.107,41555,CON,3,2,175,56755,3704,132.163.241.47/64260/inbound/154.128.227.107/41555,2.765254846398988,58.52859400606772,21.165714285714287,896.8116503278546,324.3142857142857
2024-01-01 02:17:00,251.09795955850583,ICMP,142.80.48.66,23275,outbound,133.168.190.149,22812,REQ,3,2,828,71484,40478,142.80.48.66/23275/outbound/133.168.190.149/22812,3.2975178350944585,161.20401803013706,48.88647342995169,284.68570642982155,86.33333333333333
2024-01-01 02:18:00,87.0521343893471,UDP,230.214.76.136,53370,outbound,68.175.65.143,34475,CON,4,2,842,63277,38086,230.214.76.136/53370/outbound/68.175.65.143/34475,9.672364795032971,437.50794012307097,45.23277909738717,726.8862555051085,75.15083135391924
2024-01-01 02:19:00,56.08650938170358,TCP,21.104.71.208,13731,outbound,208.52.127.247,17116,REQ,3,4,463,58496,44599,21.104.71.208/13731/outbound/208.52.127.247/17116,8.255104571564564,795.1823083956975,96.32613390928725,1042.9602527391808,126.34125269978402
2024-01-01 02:20:00,121.97931587106376,ICMP,16.143.250.27,25141,outbound,248.213.234.64,2156,ACK,4,1,849,16977,65405,16.143.250.27/25141/outbound/248.213.234.64/2156,6.96019643934896,536.1974653894213,77.037691401649,139.17933445327125,19.996466431095406
2024-01-01 02:21:00,219.19496826114985,ICMP,179.183.79.56,23767,outbound,207.63.215.67,13338,CON,2,0,395,18505,62169,179.183.79.56/23767/outbound/207.63.215.67/13338,1.8020486653206165,283.62421132738586,157.38987341772153,84.42255835888103,46.848101265822784
2024-01-01 02:22:00,289.64090771409707,ICMP,110.51.173.205,57763,inbound,191.61.209.80,39669,ACK,3,0,866,48729,46307,110.51.173.205/57763/inbound/191.61.209.80/39669,2.9899091493485574,159.8772782666093,53.47228637413395,168.2393567420391,56.26905311778291
2024-01-01 02:23:00,242.8034511849928,UDP,238.235.165.83,54980,outbound,71.113.172.51,23606,FIN,4,2,91,46333,16037,238.235.165.83/54980/outbound/71.113.172.51/23606,0.3747887419057597,66.04930828508427,176.23076923076923,190.82512943647873,509.15384615384613
2024-01-01 02:24:00,282.1104784632905,ICMP,237.47.126.168,11814,inbound,116.124.201.126,28804,REQ,3,1,469,21571,20860,237.47.126.168/11814/inbound/116.124.201.126/28804,1.662469265781024,73.94266286608136,44.47761194029851,76.46295209416306,45.99360341151386
2024-01-01 02:25:00,42.26768064255038,ICMP,98.117.186.92,49093,inbound,65.129.176.21,61491,FIN,0,1,863,3402,20361,98.117.186.92/49093/inbound/65.129.176.21/61491,20.417491257640194,481.7155729974646,23.593279258400926,80.48702810949239,3.9420625724217846
2024-01-01 02:26:00,21.445921979216667,TCP,67.73.83.193,33644,inbound,224.156.162.208,33260,FIN,0,3,434,80073,54528,67.73.83.193/33644/inbound/224.156.162.208/33260,20.236947631376783,2542.5812913449613,125.6405529953917,3733.7168379890163,184.5
2024-01-01 02:27:00,167.35565809581067,ICMP,155.159.183.9,16620,inbound,76.151.93.235,54012,FIN,1,3,249,80148,34970,155.159.183.9/16620/inbound/76.151.93.235/54012,1.4878493074757482,208.95618587320047,140.4417670682731,478.90821805448303,321.87951807228916
2024-01-01 02:28:00,87.16021516490589,UDP,168.144.185.117,31363,inbound,158.211.169.70,14092,REQ,4,4,644,98072,8788,168.144.185.117/31363/inbound/158.211.169.70/14092,7.388692177750607,100.8258181025968,13.645962732919255,1125.192265926021,152.28571428571428
2024-01-01 02:29:00,248.4336863934849,ICMP,97.5.166.238,35145,inbound,106.49.254.245,48425,ACK,1,3,681,23611,73474,97.5.166.238/35145/inbound/106.49.254.245/48425,2.7411741534978047,295.74894237018754,107.89133627019089,95.03944631165443,34.671071953010276
2024-01-01 02:30:00,201.6291626335576,UDP,18.200.71.88,44019,inbound,102.198.187.112,49550,FIN,4,4,955,5122,62282,18.200.71.88/44019/inbound/102.198.187.112/49550,4.7364180236944415,308.89380874527455,65.21675392670157,25.4030713270816,5.363350785340314
2024-01-01 02:31:00,291.22137637933974,ICMP,223.41.252.3,53056,inbound,30.11.176.222,59982,CON,3,0,572,43339,5524,223.41.252.3/53056/inbound/30.11.176.222/59982,1.9641415307883274,18.96838779034042,9.657342657342657,148.81805909586595,75.76748251748252
2024-01-01 02:32:00,76.51222748381812,ICMP,20.27.167.192,49620,outbound,82.45.170.129,51217,REQ,4,2,881,71791,59076,20.27.167.192/49620/outbound/82.45.170.129/51217,11.514499433261516,772.1118825418358,67.05561861521,938.2944708436748,81.48808172531214
2024-01-01 02:33:00,145.78665589513415,ICMP,104.246.43.22,50855,inbound,245.96.202.225,12081,ACK,0,1,849,97116,66074,104.246.43.22/50855/inbound/245.96.202.225/12081,5.823578260898546,453.2239222739817,77.82567726737338,666.1515033986138,114.3886925795053
2024-01-01 02:34:00,150.42201917986344,UDP,185.46.12.143,42470,outbound,80.53.34.51,56065,ACK,3,0,241,59369,51024,185.46.12.143/42470/outbound/80.53.34.51/56065,1.602159054332532,339.2056580425855,211.71784232365144,394.68290828492985,246.34439834024897
2024-01-01 02:35:00,71.82912077772711,TCP,218.182.94.241,53796,inbound,161.212.83.71,34646,FIN,0,0,702,90968,24194,218.182.94.241/53796/inbound/161.212.83.71/34646,9.773194943765445,336.82717730692474,34.464387464387464,1266.450139094665,129.58404558404558
2024-01-01 02:36:00,177.0690105064535,UDP,193.208.15.118,62018,inbound,179.25.224.189,39530,REQ,3,4,496,58498,5672,193.208.15.118/62018/inbound/179.25.224.189/39530,2.801167740088109,32.03270851165273,11.435483870967742,330.3683678622464,117.93951612903226
2024-01-01 02:37:00,133.04146722516393,TCP,165.179.116.9,46702,outbound,61.153.36.157,64396,FIN,4,2,340,61995,52323,165.179.116.9/46702/outbound/61.153.36.157/64396,2.5555941849661985,393.28339570584234,153.89117647058825,465.9825338146455,182.33823529411765
2024-01-01 02:38:00,134.07179464136308,UDP,122.37.43.94,59806,inbound,95.224.10.180,3050,CON,4,4,793,69990,39264,122.37.43.94/59806/inbound/95.224.10.180/3050,5.914741442234324,292.85801763920364,49.51324085750315,522.0337371273397,88.25977301387138
2024-01-01 02:39:00,108.88472072694782,ICMP,74.181.112.225,21722,outbound,41.132.65.140,27587,ACK,0,0,744,97483,58043,74.181.112.225/21722/outbound/41.132.65.140/27587,6.832914618624428,533.0683645279807,78.01478494623656,895.2863115152757,131.0255376344086
2024-01-01 02:40:00,5.177112792417963,ICMP,51.51.197.91,40656,inbound,191.209.217.152,65070,ACK,2,1,471,35384,25273,51.51.197.91/40656/inbound/191.209.217.152/65070,90.97734951608426,4881.678459278126,53.65817409766454,6834.697527127654,75.12526539278132
2024-01-01 02:41:00,156.6763615507452,TCP,220.58.12.168,15740,outbound,172.141.68.58,39157,REQ,4,3,463,48740,21915,220.58.12.168/15740/outbound/172.141.68.58/39157,2.9551362784873008,139.87432298714728,47.33261339092873,311.08713221052056,105.26997840172787
2024-01-01 02:42:00,100.64082592652927,TCP,12.49.231.56,31830,outbound,184.233.179.65,3574,ACK,2,4,801,75792,74158,12.49.231.56/31830/outbound/184.233.179.65/3574,7.958996685746133,736.8580227485165,92.58177278401998,753.0939785344207,94.62172284644194
2024-01-01 02:43:00,0.4958287084004695,UDP,178.248.118.56,18892,inbound,68.11.202.67,63576,REQ,3,0,275,22553,63699,178.248.118.56/18892/inbound/68.11.202.67/63576,554.6270220761174,128469.76974264221,231.63272727272727,45485.466286846095,82.0109090909091
2024-01-01 02:44:00,92.4523179278134,UDP,182.193.7.105,48942,inbound,171.72.201.218,31946,FIN,2,3,825,98325,43076,182.193.7.105/48942/inbound/171.72.201.218/31946,8.923518831016855,465.92666323016005,52.21333333333333,1063.5211988602814,119.18181818181819
2024-01-01 02:45:00,83.6606370936181,TCP,191.136.187.119,32154,inbound,6.14.41.30,8113,CON,0,3,15,89394,59257,191.136.187.119/32154/inbound/6.14.41.30/8113,0.1792957897656776,708.3020409429838,3950.4666666666667,1068.5311886875322,5959.6
2024-01-01 02:46:00,118.09510115176836,TCP,242.62.71.242,50866,inbound,214.180.5.32,17647,REQ,1,0,41,74474,26916,242.62.71.242/50866/inbound/214.180.5.32/17647,0.347177821942922,227.91800622965096,656.4878048780488,630.627344179931,1816.439024390244
2024-01-01 02:47:00,39.64241169405474,UDP,131.200.12.136,58259,outbound,157.20.123.181,50665,FIN,1,2,965,38076,12466,131.200.12.136/58259/outbound/157.20.123.181/50665,24.342615869274248,314.4611911154122,12.918134715025907,960.4864682264106,39.45699481865285
2024-01-01 02:48:00,152.3543790080618,TCP,223.216.51.235,7149,outbound,184.243.93.148,13067,CON,0,0,208,13825,25825,223.216.51.235/7149/outbound/184.243.93.148/13067,1.3652380808102254,169.5061222929042,124.15865384615384,90.74238686154503,66.46634615384616
2024-01-01 02:49:00,207.76286172018715,TCP,62.118.108.7,42996,outbound,100.54.185.63,2060,ACK,1,1,60,74973,29130,62.118.108.7/42996/outbound/100.54.185.63/2060,0.2887907853368297,140.20792628103084,485.5,360.85852581763555,1249.55
2024-01-01 02:50:00,189.09265215946627,TCP,239.94.124.254,56844,outbound,86.173.211.21,65160,CON,0,3,365,76337,70473,239.94.124.254/56844/outbound/86.173.211.21/65160,1.9302706680119275,372.6903144843961,193.07671232876712,403.7015670795247,209.14246575342466
2024-01-01 02:51:00,241.14610877600023,TCP,173.52.236.62,62910,outbound,253.243.59.103,59706,CON,4,1,240,95447,19424,173.52.236.62/62910/outbound/253.243.59.103/59706,0.9952472433338543,80.54867689381994,80.93333333333334,395.80568181035994,397.6958333333333
2024-01-01 02:52:00,135.65728556732563,ICMP,95.80.238.56,36139,outbound,139.46.158.242,23540,CON,2,4,608,43143,58501,95.80.238.56/36139/outbound/139.46.158.242/23540,4.481882395459361,431.2411217381054,96.21875,318.02936215016973,70.95888157894737
2024-01-01 02:53:00,155.77560992888448,ICMP,182.146.66.45,48535,outbound,232.76.17.21,22188,ACK,1,3,790,94952,52649,182.146.66.45/48535/outbound/232.76.17.21/22188,5.071397251217023,337.9797390877533,66.64430379746835,609.5434326551377,120.19240506329113
2024-01-01 02:54:00,243.13954206360907,TCP,94.137.112.92,37500,inbound,184.144.37.24,58085,REQ,4,2,939,77180,15734,94.137.112.92/37500/inbound/184.144.37.24/58085,3.8619797998728775,64.71181061895618,16.756123535676252,317.4308849352382,82.19382321618744
2024-01-01 02:55:00,128.3675811286896,UDP,232.145.139.48,30070,inbound,32.142.12.185,53445,REQ,1,0,160,65090,24052,232.145.139.48/30070/inbound/32.142.12.185/53445,1.2464206195456673,187.36817963320243,150.325,507.0594882889217,406.8125
2024-01-01 02:56:00,210.5096450348891,ICMP,23.61.10.72,23784,inbound,218.177.10.12,7146,CON,3,4,397,87150,23022,23.61.10.72/23784/inbound/218.177.10.12/7146,1.885899336983836,109.36316004040773,57.98992443324937,413.9952826653433,219.5214105793451
2024-01-01 02:57:00,130.43725037852573,UDP,118.183.87.88,58106,inbound,97.177.100.37,48370,FIN,0,1,934,81963,66203,118.183.87.88/58106/inbound/97.177.100.37/48370,7.160531192504861,507.5467307680935,70.88115631691649,628.3711114895888,87.75481798715204
2024-01-01 02:58:00,125.37908473401762,UDP,55.152.238.8,11138,inbound,1.38.26.35,60922,FIN,0,4,794,46909,46454,55.152.238.8/11138/inbound/1.38.26.35/60922,6.332794673724185,370.508367472523,58.50629722921914,374.1373619014204,59.07934508816121
2024-01-01 02:59:00,228.0856667962952,ICMP,12.138.112.165,1661,inbound,160.168.142.30,32810,CON,4,2,500,16805,6359,12.138.112.165/1661/inbound/160.168.142.30/32810,2.1921587928914152,27.87987552799302,12.718,73.67845702908046,33.61
2024-01-01 03:00:00,52.53359094831673,UDP,156.7.201.216,39658,inbound,127.5.88.240,49481,CON,3,0,209,63231,68376,156.7.201.216/39658/inbound/127.5.88.240/49481,3.9784068864741626,1301.5672213854418,327.1578947368421,1203.629884395444,302.5406698564593
2024-01-01 03:01:00,101.6419329852779,UDP,175.35.124.49,24201,inbound,180.209.149.30,17174,FIN,2,4,133,76115,7876,175.35.124.49/24201/inbound/180.209.149.30/17174,1.3085150596187902,77.48770383126009,59.21804511278196,748.8543140066482,572.2932330827068
2024-01-01 03:02:00,67.32926579639583,TCP,107.8.232.187,36800,outbound,100.72.45.194,23118,CON,3,1,381,62556,12184,107.8.232.187/36800/outbound/100.72.45.194/23118,5.658757681275579,180.9614267418941,31.979002624671917,929.1056312595147,164.18897637795277
2024-01-01 03:03:00,107.79707189598236,TCP,200.66.52.81,24624,inbound,97.218.252.170,12716,CON,3,4,433,76959,19743,200.66.52.81/24624/inbound/97.218.252.170/12716,4.016806694135614,183.14968721089937,45.595842956120094,713.924772226288,177.73441108545035
2024-01-01 03:04:00,69.1894092275706,TCP,110.226.144.227,17275,inbound,1.171.56.8,13078,REQ,2,0,609,78573,4104,110.226.144.227/17275/inbound/1.171.56.8/13078,8.801925132745977,59.31543636254432,6.738916256157635,1135.6217790726596,129.01970443349754
2024-01-01 03:05:00,173.86374876288772,ICMP,53.155.113.62,27833,inbound,5.78.113.8,2791,REQ,2,4,731,23189,16140,53.155.113.62/27833/inbound/5.78.113.8/2791,4.204441726359672,92.83131253549263,22.079343365253077,133.3745542989801,31.722298221614228
2024-01-01 03:06:00,239.47142370509172,TCP,143.18.123.85,24780,outbound,173.219.204.23,5732,CON,3,1,389,67338,15619,143.18.123.85/24780/outbound/173.219.204.23/5732,1.6244109379791896,65.22281347120042,40.15167095115681,281.19430267774464,173.10539845758356
2024-01-01 03:07:00,236.00525705924875,UDP,70.46.198.107,60493,inbound,237.250.201.169,42145,CON,1,0,997,76040,32277,70.46.198.107/60493/inbound/237.250.201.169/42145,4.22448216799554,136.76390264432504,32.37412236710131,322.1962126924583,76.26880641925777
2024-01-01 03:08:00,109.41383926818284,UDP,176.200.19.36,39392,outbound,150.102.59.85,59023,ACK,1,2,583,99234,6558,176.200.19.36/39392/outbound/150.102.59.85/59023,5.328393591701103,59.937573197900235,11.248713550600343,906.9602224337347,170.21269296740994
2024-01-01 03:09:00,296.62924572768907,UDP,203.129.191.213,12673,outbound,255.254.164.115,53182,REQ,3,2,432,74016,16658,203.129.191.213/12673/outbound/255.254.164.115/53182,1.4563634780522743,56.15764541063608,38.56018518518518,249.523609239623,171.33333333333334
2024-01-01 03:10:00,178.19692397526964,UDP,240.35.132.63,62657,inbound,167.83.201.201,30316,CON,1,3,274,87626,76019,240.35.132.63/62657/inbound/167.83.201.201/30316,1.537624746193857,426.6010787624482,277.44160583941607,491.7368832481128,319.8029197080292
2024-01-01 03:11:00,119.8801505033106,UDP,7.197.119.21,12390,outbound,90.88.180.119,29106,ACK,2,4,351,61496,24570,7.197.119.21/12390/outbound/90.88.180.119/29106,2.92792425206629,204.9546976446403,70.0,512.9790022936427,175.20227920227921
2024-01-01 03:12:00,250.67822984450348,ICMP,202.45.167.188,12904,inbound,156.204.142.187,35048,ACK,2,1,134,98495,77474,202.45.167.188/12904/inbound/156.204.142.187/35048,0.5345498094633931,309.0575517788576,578.1641791044776,392.9140558440068,735.0373134328358
2024-01-01 03:13:00,218.989216391528,UDP,110.45.211.27,18807,inbound,188.5.51.139,27758,ACK,1,4,66,3977,30982,110.45.211.27/18807/inbound/188.5.51.139/27758,0.3013847032631938,141.47728600757983,469.42424242424244,18.16071158905639,60.25757575757576
2024-01-01 03:14:00,224.80767351354888,ICMP,87.34.128.156,60702,inbound,19.223.74.229,43935,ACK,2,0,639,84356,19784,87.34.128.156/60702/inbound/19.223.74.229/43935,2.8424296644904707,88.00411343079729,30.960876369327075,375.2363016866325,132.01251956181534
2024-01-01 03:15:00,58.92219098518809,UDP,9.8.21.255,58179,outbound,225.129.54.14,24485,REQ,0,3,205,73312,69413,9.8.21.255/58179/outbound/225.129.54.14/24485,3.4791645825175284,1178.045127640435,338.6,1244.2171408464637,357.61951219512196
2024-01-01 03:16:00,140.55045977982968,ICMP,191.193.207.231,51681,inbound,192.99.68.142,6375,ACK,2,1,298,31918,50605,191.193.207.231/51681/inbound/192.99.68.142/6375,2.1202349708909725,360.04862651656936,169.81543624161074,227.092818123819,107.10738255033557
2024-01-01 03:17:00,258.5622564342984,ICMP,186.69.182.140,23250,inbound,43.201.16.97,48055,REQ,3,4,117,99984,16307,186.69.182.140/23250/inbound/43.201.16.97/48055,0.45250223916471016,63.06798302614469,139.3760683760684,386.69216992003743,854.5641025641025
2024-01-01 03:18:00,151.2609984878643,UDP,225.146.206.160,42233,inbound,116.151.73.115,34541,ACK,4,1,948,48655,32244,225.146.206.160/42233/inbound/116.151.73.115/34541,6.267312853128219,213.16797008044966,34.0126582278481,321.66255998834754,51.323839662447256
2024-01-01 03:19:00,205.06747775197297,UDP,202.64.187.139,6344,outbound,30.66.50.59,18116,ACK,1,0,267,42468,16843,202.64.187.139/6344/outbound/30.66.50.59/18116,1.3020104549339304,82.13394042116926,63.08239700374532,207.09280898926653,159.0561797752809
2024-01-01 03:20:00,176.42132653697593,UDP,43.220.16.67,9751,outbound,229.2.103.4,40208,FIN,1,3,794,48280,34734,43.220.16.67/9751/outbound/229.2.103.4/40208,4.500589671246954,196.88095924570743,43.7455919395466,273.6630596068047,60.806045340050375
2024-01-01 03:21:00,252.7228006367428,UDP,29.182.134.43,12748,outbound,28.253.107.205,59989,REQ,2,1,149,89766,53269,29.182.134.43/12748/outbound/28.253.107.205/59989,0.589578778110206,210.78034853122526,357.51006711409394,355.1954939318171,602.4563758389262
2024-01-01 03:22:00,85.43979584450462,TCP,205.132.187.133,40235,outbound,231.138.199.100,40742,FIN,2,0,194,98877,2909,205.132.187.133/40235/outbound/231.138.199.100/40742,2.2706046764562564,34.04736599902706,14.994845360824742,1157.2710236802334,509.67525773195877
2024-01-01 03:23:00,172.6850358381208,TCP,226.244.6.173,20957,inbound,200.75.14.82,46120,FIN,4,2,680,49521,39890,226.244.6.173/20957/inbound/200.75.14.82/46120,3.937805014196185,230.99859120042032,58.661764705882355,286.77065015883716,72.825
2024-01-01 03:24:00,37.05807693614021,ICMP,185.53.219.45,14418,inbound,48.126.45.27,63023,ACK,4,1,824,26720,59377,185.53.219.45/14418/inbound/48.126.45.27/63023,22.23536859238395,1602.2687875121137,72.05946601941747,721.0303990151688,32.42718446601942
2024-01-01 03:25:00,207.0942119321704,ICMP,138.3.194.152,40744,outbound,7.231.198.93,26065,REQ,3,3,886,60639,34869,138.3.194.152/40744/outbound/7.231.198.93/26065,4.278246078119227,168.37264390286606,39.355530474040634,292.8087629018869,68.441309255079
2024-01-01 03:26:00,219.61715472197832,TCP,215.90.205.60,42441,inbound,82.87.133.185,62363,CON,0,1,179,17177,73800,215.90.205.60/42441/inbound/82.87.133.185/62363,0.8150547266064114,336.03932303660986,412.29050279329607,78.21338010568898,95.9608938547486
2024-01-01 03:27:00,12.946912624580625,ICMP,166.159.150.110,20146,outbound,243.67.54.194,26700,ACK,3,1,148,12763,41754,166.159.150.110/20146/outbound/243.67.54.194/26700,11.431296733941927,3225.0159718176433,282.1216216216216,985.7948663196001,86.23648648648648
2024-01-01 03:28:00,202.76970999203272,UDP,232.36.2.226,37161,inbound,177.117.178.186,35505,REQ,1,0,465,83435,66187,232.36.2.226/37161/inbound/177.117.178.186/35505,2.2932419246359377,326.41463067930925,142.33763440860216,411.47664512257944,179.43010752688173
2024-01-01 03:29:00,124.46557723431933,ICMP,13.161.87.192,63851,inbound,239.249.133.217,13801,FIN,2,4,976,47385,60429,13.161.87.192/63851/inbound/239.249.133.217/13801,7.841525518036035,485.5077310752045,61.91495901639344,380.7076707706327,48.55020491803279
2024-01-01 03:30:00,37.316653145293735,ICMP,76.7.82.8,32461,outbound,108.50.37.138,25344,REQ,3,4,569,51335,24368,76.7.82.8/32461/outbound/108.50.37.138/25344,15.2478840421347,653.0060427745841,42.82601054481547,1375.6592746976887,90.21968365553603
2024-01-01 03:31:00,126.03027355477042,ICMP,156.77.123.218,21543,outbound,180.92.19.9,9332,ACK,2,1,5,17719,64006,156.77.123.218/21543/outbound/180.92.19.9/9332,0.03967300759548929,507.8621048313775,12801.2,140.59320431689494,3543.8
2024-01-01 03:32:00,58.35045561570495,TCP,146.41.40.197,9007,inbound,26.47.90.113,44465,REQ,2,3,526,69603,5324,146.41.40.197/9007/inbound/26.47.90.113/44465,9.014496878383033,91.24178969678948,10.12167300380228,1192.844156323373,132.32509505703422
2024-01-01 03:33:00,124.72630368378262,TCP,161.228.233.88,45680,outbound,14.99.186.11,49170,FIN,3,3,280,57577,18276,161.228.233.88/45680/outbound/14.99.186.11/49170,2.2449154006029177,146.52883521935328,65.27142857142857,461.62676435897924,205.63214285714287
2024-01-01 03:34:00,115.36327448476244,ICMP,77.53.214.163,53587,inbound,116.122.22.84,16353,REQ,3,0,499,27588,43684,77.53.214.163/53587/inbound/116.122.22.84/16353,4.325466681044231,378.66470239426087,87.54308617234469,239.1402300534033,55.28657314629258
2024-01-01 03:35:00,221.5436519171236,UDP,97.212.97.55,6659,inbound,72.166.121.136,14906,REQ,4,1,836,78847,64551,97.212.97.55/6659/inbound/72.166.121.136/14906,3.7735227020304603,291.369215237761,77.21411483253588,355.8982589557365,94.31459330143541
2024-01-01 03:36:00,232.28724589409097,ICMP,100.144.9.214,37861,inbound,216.94.24.16,50371,FIN,0,1,436,21269,19096,100.144.9.214/37861/inbound/216.94.24.16/50371,1.8769863938151379,82.20856003737127,43.79816513761468,91.56335690379396,48.78211009174312
2024-01-01 03:37:00,182.14789344992556,TCP,44.250.129.226,40043,inbound,170.28.187.66,5738,ACK,4,4,816,30473,74260,44.250.129.226/40043/inbound/170.28.187.66/5738,4.479876130021385,407.69068800905393,91.00490196078431,167.29811925262456,37.34436274509804
2024-01-01 03:38:00,6.903783970516017,UDP,142.248.238.236,45371,outbound,85.56.71.13,27074,CON,0,0,216,32769,21960,142.248.238.236/45371/outbound/85.56.71.13/27074,31.287189883471296,3180.864304819582,101.66666666666667,4746.527431904958,151.70833333333334
2024-01-01 03:39:00,279.3135814933911,ICMP,169.129.18.79,53361,inbound,250.38.143.17,44456,FIN,3,2,687,55377,11553,169.129.18.79/53361/inbound/250.38.143.17/44456,2.4596011276174026,41.36211328582802,16.816593886462883,198.26103587200714,80.60698689956332
2024-01-01 03:40:00,205.90136070092464,TCP,235.235.88.0,20646,inbound,223.74.101.19,16777,FIN,0,3,828,72270,48442,235.235.88.0/20646/inbound/223.74.101.19/16777,4.021343021635902,235.26799354358255,58.50483091787439,350.9933093884379,87.28260869565217
2024-01-01 03:41:00,10.355215431364533,UDP,130.239.26.1,58628,inbound,117.173.116.172,31003,ACK,1,3,969,55220,61522,130.239.26.1/58628/inbound/117.173.116.172/31003,93.57603484182776,5941.16080034977,63.490196078431374,5332.578579943993,56.98658410732714
2024-01-01 03:42:00,245.66798647431392,ICMP,250.221.178.137,39529,outbound,4.83.222.147,46113,ACK,4,1,515,66476,70954,250.221.178.137/39529/outbound/4.83.222.147/46113,2.0963252371258654,288.82070072821097,137.7747572815534,270.5928475013185,129.07961165048545
2024-01-01 03:43:00,60.15981979992704,TCP,19.233.207.140,10463,inbound,139.113.64.235,15654,REQ,4,0,887,54335,45385,19.233.207.140/10463/inbound/139.113.64.235/15654,14.744060121022432,754.407179924017,51.16685456595265,903.17757235147,61.25704622322435
2024-01-01 03:44:00,173.80843475237492,UDP,176.255.113.55,28933,outbound,146.166.43.224,61422,FIN,4,2,137,34329,22537,176.255.113.55/28933/outbound/146.166.43.224/61422,0.7882241169433696,129.6657439675381,164.5036496350365,197.51055263174405,250.57664233576642
2024-01-01 03:45:00,140.0436475480611,ICMP,200.183.177.94,61690,outbound,118.255.99.17,18682,REQ,2,3,978,86954,36643,200.183.177.94/61690/outbound/118.255.99.17/18682,6.9835370409383515,261.6541388457096,37.467280163599185,620.9064211224472,88.91002044989776
2024-01-01 03:46:00,126.00965082828748,UDP,173.216.186.166,36365,outbound,175.158.127.226,4733,REQ,2,0,612,15505,75977,173.216.186.166/36365/outbound/175.158.127.226/4733,4.856770858241393,602.9458815304024,124.14542483660131,123.04613097554379,25.334967320261438
2024-01-01 03:47:00,266.92514466530685,UDP,252.148.182.247,57029,outbound,167.37.206.174,34130,ACK,3,2,595,15947,9924,252.148.182.247/57029/outbound/167.37.206.174/34130,2.2290893604124893,37.17896271047654,16.678991596638657,59.743341227727676,26.80168067226891
2024-01-01 03:48:00,131.26465133962813,UDP,57.241.101.168,33917,outbound,198.135.103.213,40553,ACK,3,1,280,23647,54872,57.241.101.168/33917/outbound/198.135.103.213/40553,2.133095217504832,418.02571705330405,195.97142857142856,180.14750931548843,84.45357142857142
2024-01-01 03:49:00,22.695700860187905,TCP,221.69.81.48,43213,outbound,193.249.12.54,53687,REQ,2,4,132,6675,53998,221.69.81.48/43213/outbound/193.249.12.54/53687,5.816079477481583,2379.217118371595,409.07575757575756,294.10856448628465,50.56818181818182
2024-01-01 03:50:00,283.99695429176427,ICMP,172.162.90.4,12427,outbound,88.84.108.42,38067,FIN,4,3,393,95759,3658,172.162.90.4/12427/outbound/88.84.108.42/38067,1.383817657411394,12.880419823946259,9.307888040712468,337.18319352686433,243.6615776081425
2024-01-01 03:51:00,276.1685158487643,UDP,199.201.201.178,61501,inbound,132.70.187.11,63085,FIN,2,3,481,4943,54551,199.201.201.178/61501/inbound/132.70.187.11/63085,1.7416902086818824,197.5279471388885,113.41164241164242,17.89849210294084,10.276507276507276
2024-01-01 03:52:00,205.36136360552143,UDP,57.185.91.35,35098,inbound,59.204.181.43,12515,REQ,0,2,513,93087,53962,57.185.91.35/35098/inbound/59.204.181.43/12515,2.4980356138724398,262.7660775746288,105.18908382066277,453.28390095232703,181.4561403508772
2024-01-01 03:53:00,140.42096918679428,UDP,138.177.226.244,35893,outbound,16.133.13.114,51832,CON,4,4,628,7839,27596,138.177.226.244/35893/outbound/16.133.13.114/51832,4.472266525696787,196.5233551642174,43.94267515923567,55.824995692575015,12.48248407643312
2024-01-01 03:54:00,27.948555935762027,TCP,227.164.111.147,48473,outbound,112.122.57.158,40554,CON,2,0,419,14952,68253,227.164.111.147/48473/outbound/112.122.57.158/40554,14.991830023813923,2442.0939728290496,162.8949880668258,534.982917699441,35.684964200477324
2024-01-01 03:55:00,237.2453607613851,UDP,13.202.121.108,33927,outbound,228.228.168.119,9858,ACK,3,1,202,51761,62546,13.202.121.108/33927/outbound/228.228.168.119/9858,0.851439199281819,263.63423840733,309.63366336633663,218.1749722476546,256.24257425742576
2024-01-01 03:56:00,22.73582653576629,TCP,147.91.101.55,27977,inbound,35.245.9.80,15382,FIN,2,0,652,9257,55236,147.91.101.55/27977/inbound/35.245.9.80/15382,28.677206829244703,2429.469626411289,84.71779141104294,407.1547601507948,14.197852760736197
2024-01-01 03:57:00,20.673435370054182,TCP,45.59.195.184,8335,outbound,243.233.157.43,10896,REQ,1,2,658,88042,42396,45.59.195.184/8335/outbound/243.233.157.43/10896,31.828285344056752,2050.747698247158,64.43161094224924,4258.701973041709,133.80243161094225
2024-01-01 03:58:00,161.26141434756647,UDP,54.36.210.36,51635,inbound,183.70.17.82,59718,REQ,2,3,462,73068,5280,54.36.210.36/51635/inbound/183.70.17.82/59718,2.8649134814373642,32.74186835928416,11.428571428571429,453.10281009018473,158.15584415584416
2024-01-01 03:59:00,48.1224592313736,UDP,245.13.94.219,33049,inbound,79.230.235.85,22681,FIN,4,3,778,18937,25770,245.13.94.219/33049/inbound/79.230.235.85/22681,16.167087310716248,535.5087917701255,33.123393316195376,393.5168796954159,24.340616966580978
2024-01-01 04:00:00,2.41830717537066,TCP,252.227.171.101,21639,outbound,253.166.41.248,58986,ACK,2,0,202,80784,43073,252.227.171.101/21639/outbound/253.166.41.248/58986,83.52950446381524,17811.219533514428,213.23267326732673,33405.18558715273,399.9207920792079
2024-01-01 04:01:00,126.99171795563628,TCP,211.41.0.22,57832,inbound,248.181.123.29,51345,ACK,3,1,914,76830,37652,211.41.0.22/57832/inbound/248.181.123.29/51345,7.197319752137694,296.49177604758034,41.19474835886214,605.0000837601083,84.05908096280088
2024-01-01 04:02:00,41.25144775985877,UDP,247.191.27.239,34604,outbound,20.125.95.124,25851,CON,0,2,152,98227,67132,247.191.27.239/34604/outbound/20.125.95.124/25851,3.6847191614910826,1627.3853075606537,441.6578947368421,2381.1770333933196,646.2302631578947
2024-01-01 04:03:00,48.2385730426793,TCP,132.168.187.17,58076,outbound,42.88.86.4,9197,FIN,1,1,897,14919,15100,132.168.187.17/58076/outbound/42.88.86.4/9197,18.595077412558933,313.0275015938014,16.833890746934227,309.27531763429954,16.632107023411372
2024-01-01 04:04:00,23.165500556726865,TCP,191.188.48.46,59219,outbound,50.40.93.239,17709,FIN,4,2,222,72261,51365,191.188.48.46/59219/outbound/50.40.93.239/17709,9.583216190661375,2217.3058542041513,231.37387387387386,3119.3368700602778,325.5
2024-01-01 04:05:00,61.607616741710615,UDP,115.38.216.209,27344,inbound,167.56.218.184,12357,REQ,3,1,79,7504,52214,115.38.216.209/27344/inbound/167.56.218.184/12357,1.2823089770085865,847.5250750066624,660.9367088607595,121.80312105661307,94.9873417721519
2024-01-01 04:06:00,214.67370551433936,UDP,6.210.52.203,43922,outbound,234.164.134.132,51742,FIN,1,0,200,14774,30184,6.210.52.203/43922/outbound/234.164.134.132/51742,0.9316464702596787,140.6040852915907,150.92,68.82072475808246,73.87
2024-01-01 04:07:00,242.6972994346156,ICMP,25.98.64.132,24976,inbound,207.50.105.135,12380,CON,2,4,762,76143,15690,25.98.64.132/24976/inbound/207.50.105.135/12380,3.1397135517170778,64.64843258063117,20.590551181102363,313.73649470917775,99.9251968503937
2024-01-01 04:08:00,135.81483984438725,UDP,193.7.38.110,18278,outbound,184.200.10.253,41608,FIN,1,2,99,86023,61721,193.7.38.110/18278/outbound/184.200.10.253/41608,0.7289335989604034,454.4496026407582,623.4444444444445,633.3843937714221,868.9191919191919
2024-01-01 04:09:00,152.01548938283713,UDP,43.81.237.122,16251,outbound,252.149.97.98,45941,REQ,0,0,978,18797,14334,43.81.237.122/16251/outbound/252.149.97.98/45941,6.433554922400021,94.29302275836595,14.656441717791411,123.65187308420573,19.219836400817996
2024-01-01 04:10:00,9.89324487480136,UDP,201.132.246.3,14784,outbound,205.138.187.95,52386,CON,1,3,912,85183,60576,201.132.246.3/14784/outbound/205.138.187.95/52386,92.1841126487139,6122.965798035629,66.42105263157895,8610.218495345829,93.40241228070175
2024-01-01 04:11:00,20.887946785257924,ICMP,108.92.128.93,9850,outbound,106.250.142.165,12368,REQ,1,3,213,60763,3473,108.92.128.93/9850/outbound/106.250.142.165/12368,10.197268414640394,166.2681371081976,16.305164319248828,2908.998219149269,285.2723004694836
2024-01-01 04:12:00,77.34456092229011,TCP,56.172.192.2,14963,outbound,1.45.241.87,49979,FIN,2,1,143,23670,28627,56.172.192.2/14963/outbound/1.45.241.87/49979,1.8488695041358556,370.1229880762038,200.1888111888112,306.0331549852846,165.52447552447552
2024-01-01 04:13:00,163.21513637187292,UDP,22.199.55.17,34460,inbound,171.231.21.2,45643,ACK,2,3,702,28137,58950,22.199.55.17/34460/inbound/171.231.21.2/45643,4.301071675120547,361.1797368210203,83.97435897435898,172.39209932032313,40.08119658119658
2024-01-01 04:14:00,221.8913895056244,UDP,153.175.115.83,18701,outbound,142.129.60.159,41022,FIN,4,4,389,95719,67918,153.175.115.83/18701/outbound/142.129.60.159/41022,1.7531099375541104,306.08668570385623,174.59640102827763,431.37771237208716,246.06426735218508
2024-01-01 04:15:00,181.5404180952761,ICMP,159.29.79.65,61456,outbound,240.37.224.45,42595,FIN,2,2,813,38082,6116,159.29.79.65/61456/outbound/240.37.224.45/42595,4.478341564539755,33.68946741540608,7.522755227552276,209.77146797146733,46.84132841328413
2024-01-01 04:16:00,117.69914371053778,ICMP,209.9.198.58,9484,outbound,170.133.40.230,16819,REQ,1,1,374,68624,57938,209.9.198.58/9484/outbound/170.133.40.230/16819,3.177593211041477,492.2550680783986,154.9144385026738,583.04587303345,183.4866310160428
2024-01-01 04:17:00,35.58538949364114,ICMP,234.50.243.122,59228,inbound,153.225.138.109,30767,ACK,0,2,52,5256,8633,234.50.243.122/59228/inbound/153.225.138.109/30767,1.4612738750349223,242.59956467647086,166.01923076923077,147.70106706122215,101.07692307692308
2024-01-01 04:18:00,234.2538931426681,TCP,137.53.189.80,9697,outbound,229.40.198.56,56764,FIN,2,2,967,38380,38107,137.53.189.80/9697/outbound/229.40.198.56/56764,4.1279996973671045,162.67392395818848,39.40744570837642,163.8393261478278,39.68976215098242
2024-01-01 04:19:00,109.1994368745572,ICMP,137.8.100.151,28890,outbound,174.122.239.85,2967,CON,4,0,624,75424,22654,137.8.100.151/28890/outbound/174.122.239.85/2967,5.714315182017099,207.45528226508873,36.30448717948718,690.699532513554,120.87179487179488
2024-01-01 04:20:00,220.8425989433886,TCP,39.202.135.152,37182,outbound,176.62.38.137,25673,CON,4,3,135,60806,26614,39.202.135.152/37182/outbound/176.62.38.137/25673,0.6112951063150922,120.51117007014714,197.14074074074074,275.3363721081148,450.4148148148148
2024-01-01 04:21:00,153.9423546901111,UDP,110.65.9.116,10477,outbound,213.197.240.192,61241,REQ,1,2,411,79821,61479,110.65.9.116/10477/outbound/213.197.240.192/61241,2.669830540317191,399.3637756402934,149.5839416058394,518.5122714322591,194.21167883211677
2024-01-01 04:22:00,221.62474986319137,UDP,152.239.207.82,16928,inbound,226.186.205.163,47807,REQ,2,4,985,84370,28991,152.239.207.82/16928/inbound/226.186.205.163/47807,4.444449460667363,130.81120234944925,29.43248730964467,380.6885289304623,85.65482233502539
2024-01-01 04:23:00,272.1961394796263,UDP,187.158.138.133,60700,outbound,27.200.182.197,22045,ACK,2,4,470,10071,55561,187.158.138.133/60700/outbound/27.200.182.197/22045,1.7266960541708167,204.1211903527335,118.21489361702127,36.999055237349566,21.427659574468084
2024-01-01 04:24:00,276.3167518645352,ICMP,70.159.38.175,16420,inbound,223.80.180.106,9372,REQ,4,3,112,53240,38012,70.159.38.175/16420/inbound/223.80.180.106/9372,0.4053319215872522,137.56675895870205,339.39285714285717,192.67742415451167,475.35714285714283
2024-01-01 04:25:00,160.57852332218096,UDP,13.58.66.183,58470,inbound,188.188.35.84,12774,ACK,2,3,525,43508,38623,13.58.66.183/58470/inbound/188.188.35.84/12774,3.269428496030272,240.5240700993851,73.56761904761905,270.9453238195906,82.87238095238095
2024-01-01 04:26:00,153.50135859321506,ICMP,248.40.183.34,29394,inbound,155.168.27.15,6409,FIN,1,1,785,52122,25742,248.40.183.34/29394/inbound/155.168.27.15/6409,5.11396125216248,167.698841469002,32.79235668789809,339.55399794294624,66.39745222929936
2024-01-01 04:27:00,79.77697180430089,TCP,166.248.80.194,22957,inbound,35.163.183.98,17663,CON,0,1,745,6587,58470,166.248.80.194/22957/inbound/35.163.183.98/17663,9.338534456127803,732.9182679862988,78.48322147651007,82.56768652686421,8.841610738255033
2024-01-01 04:28:00,280.7463694756345,UDP,34.75.215.69,55063,outbound,237.146.252.184,20518,CON,1,1,44,21097,35813,34.75.215.69/55063/outbound/237.146.252.184/20518,0.1567250899172133,127.56353739102636,813.9318181818181,75.14611868144202,479.47727272727275
2024-01-01 04:29:00,137.42995824316628,TCP,234.10.111.26,31373,outbound,213.121.160.22,43035,CON,2,3,397,46556,45730,234.10.111.26/31373/outbound/213.121.160.22/43035,2.8887442379743344,332.7513199057086,115.18891687657431,338.76165426481896,117.26952141057934
2024-01-01 04:30:00,38.3646126622844,ICMP,48.23.17.26,5358,inbound,119.62.69.223,50065,REQ,1,2,986,78088,6443,48.23.17.26/5358/inbound/119.62.69.223/50065,25.700767753855622,167.94122377088414,6.5344827586206895,2035.4173959057584,79.19675456389453
2024-01-01 04:31:00,129.8682038965023,ICMP,54.54.119.232,32484,inbound,150.194.226.79,38824,REQ,3,0,585,81008,33538,54.54.119.232/32484/inbound/150.194.226.79/38824,4.5045668027118655,258.2464297937616,57.32991452991453,623.7708505197996,138.47521367521367
2024-01-01 04:32:00,38.20326974637739,UDP,21.186.114.161,28292,inbound,234.58.152.16,40053,FIN,3,1,261,59516,21509,21.186.114.161/28292/inbound/234.58.152.16/40053,6.831875955454029,563.014635731267,82.40996168582376,1557.8771240030726,228.03065134099617
2024-01-01 04:33:00,150.8092521086968,UDP,120.224.57.254,23092,outbound,39.76.91.202,52593,REQ,2,0,743,44867,12604,120.224.57.254/23092/outbound/39.76.91.202/52593,4.926753429321947,83.57577419000513,16.963660834454913,297.5082720234021,60.386271870794076
2024-01-01 04:34:00,168.426526905378,ICMP,176.53.145.2,29271,inbound,202.166.23.165,19664,ACK,2,4,545,79070,37917,176.53.145.2/29271/inbound/202.166.23.165/19664,3.235832324121846,225.12487015362944,69.57247706422018,469.4628658134209,145.08256880733944
2024-01-01 04:35:00,101.39295287192624,UDP,152.128.5.18,59249,inbound,88.224.208.184,36426,CON,0,3,388,78052,78154,152.128.5.18/59249/inbound/88.224.208.184/36426,3.8266959291549516,770.8030764102476,201.4278350515464,769.7970893360883,201.16494845360825
2024-01-01 04:36:00,21.588019208022253,UDP,86.114.170.122,24158,inbound,44.35.98.69,61264,FIN,1,4,476,84884,45065,86.114.170.122/24158/inbound/44.35.98.69/61264,22.049267022289623,2087.5004587384074,94.67436974789916,3931.9957603362022,178.32773109243698
2024-01-01 04:37:00,283.0567103364084,TCP,136.196.179.72,17309,inbound,122.123.79.44,2915,ACK,0,1,410,28294,5107,136.196.179.72/17309/inbound/122.123.79.44/2915,1.4484729915525463,18.042320897216715,12.45609756097561,99.95876786094571,69.00975609756098
2024-01-01 04:38:00,232.02859873368047,ICMP,47.84.27.45,36027,inbound,220.232.223.153,29283,ACK,2,2,580,33885,5355,47.84.27.45/36027/inbound/220.232.223.153/29283,2.499691861974811,23.07905158771571,9.232758620689655,146.03803231554565,58.422413793103445
2024-01-01 04:39:00,251.68043604348577,TCP,132.119.215.135,22391,outbound,139.179.152.30,64045,REQ,2,1,16,58776,61326,132.119.215.135/22391/outbound/139.179.152.30/64045,0.06357268070385691,243.66613855279553,3832.875,233.53424256561834,3673.5
2024-01-01 04:40:00,110.1238314464402,UDP,116.60.16.33,63743,inbound,85.44.246.114,30011,REQ,4,0,997,8473,32790,116.60.16.33/63743/inbound/85.44.246.114/30011,9.053444535163132,297.7557134483441,32.88866599799398,76.9406575189942,8.498495486459378
2024-01-01 04:41:00,228.2732259028332,TCP,20.207.201.161,25160,outbound,67.75.242.39,53640,CON,0,1,662,30383,24168,20.207.201.161/25160/outbound/67.75.242.39/53640,2.9000334900501517,105.87312596303937,36.507552870090635,133.09927119062502,45.89577039274924
2024-01-01 04:42:00,145.66333126124132,ICMP,43.9.93.157,61402,outbound,174.181.40.216,11707,FIN,2,2,804,56011,6724,43.9.93.157/61402/outbound/174.181.40.216/11707,5.519577185544785,46.1612400442825,8.36318407960199,384.5236787805335,69.66542288557214
2024-01-01 04:43:00,60.404938172973175,TCP,115.152.126.184,38811,outbound,120.80.37.99,62107,ACK,3,2,102,95051,42381,115.152.126.184/38811/outbound/120.80.37.99/62107,1.68860366528175,701.6148229245671,415.5,1573.563401849957,931.8725490196078
2024-01-01 04:44:00,37.41457073447326,TCP,110.190.106.104,25449,outbound,164.210.171.56,10991,REQ,4,3,186,26514,15366,110.190.106.104/25449/outbound/164.210.171.56/10991,4.971325244381923,410.69561131813236,82.61290322580645,708.6543953201199,142.5483870967742
2024-01-01 04:45:00,103.58075570968484,UDP,71.174.83.208,30489,outbound,66.208.29.238,13152,REQ,1,3,951,14478,16267,71.174.83.208/30489/outbound/66.208.29.238/13152,9.18124214758052,157.04654680829896,17.10515247108307,139.77499875149397,15.22397476340694
2024-01-01 04:46:00,41.35187823139439,ICMP,3.238.45.231,19985,inbound,10.226.60.190,41218,FIN,4,2,931,83972,67591,3.238.45.231/19985/inbound/10.226.60.190/41218,22.514092220681377,1634.5327683008325,72.60042964554243,2030.669550972134,90.19548872180451
2024-01-01 04:47:00,299.4808659636002,UDP,164.25.137.161,34467,outbound,244.35.53.96,35762,FIN,1,2,25,4800,14652,164.25.137.161/34467/outbound/244.35.53.96/35762,0.08347778720206644,48.9246615233871,586.08,16.027735142796757,192.0
2024-01-01 04:48:00,14.851778170583414,UDP,206.7.54.90,19847,outbound,193.209.3.182,29319,REQ,3,0,72,64243,14037,206.7.54.90/19847/outbound/193.209.3.182/29319,4.847904350107302,945.1393522563361,194.95833333333334,4325.609988388103,892.2638888888889
2024-01-01 04:49:00,132.39896545078605,ICMP,138.184.113.78,10897,inbound,54.110.90.88,21361,REQ,1,1,593,63329,49965,138.184.113.78/10897/inbound/54.110.90.88/21361,4.478886960943994,377.3821028727937,84.25801011804384,478.3194474698519,106.79426644182125
2024-01-01 04:50:00,135.68284736487618,TCP,101.85.44.49,6611,outbound,64.118.91.244,63685,CON,0,3,573,14001,13593,101.85.44.49/6611/outbound/64.118.91.244/63685,4.223083544665727,100.18215466429531,23.722513089005236,103.18916703117772,24.43455497382199
2024-01-01 04:51:00,90.25951538164448,UDP,64.94.1.172,39737,inbound,150.233.152.80,23226,FIN,1,0,18,90474,27994,64.94.1.172/39737/inbound/150.233.152.80/23226,0.19942495728999393,310.1501252431161,1555.2222222222222,1002.3763103252728,5026.333333333333
2024-01-01 04:52:00,171.4483345555129,TCP,95.61.141.73,26876,inbound,59.184.181.43,7795,ACK,1,1,754,22697,58291,95.61.141.73/26876/inbound/59.184.181.43/7795,4.3978263303331415,339.99163742897764,77.30901856763926,132.38390480049245,30.102122015915118
2024-01-01 04:53:00,45.07810954304825,ICMP,222.99.110.103,38559,inbound,180.75.143.100,44476,REQ,4,3,570,33528,9194,222.99.110.103/38559/inbound/180.75.143.100/44476,12.644718373907562,203.95708899948443,16.12982456140351,743.77564498311,58.82105263157895
2024-01-01 04:54:00,235.19532293811136,UDP,15.13.158.156,8028,inbound,125.15.208.54,13881,REQ,3,0,332,35787,38509,15.13.158.156/8028/inbound/125.15.208.54/13881,1.411592696030616,163.73199738386444,115.99096385542168,152.15863799050499,107.7921686746988
2024-01-01 04:55:00,99.80107070246672,TCP,27.84.8.19,41520,inbound,189.94.78.76,32325,REQ,1,4,889,29593,39877,27.84.8.19/41520/inbound/189.94.78.76/32325,8.90772006495144,399.56485155238306,44.85601799775028,296.5198648842609,33.287964004499436
2024-01-01 04:56:00,177.44364268061264,TCP,227.185.78.215,28847,outbound,40.218.20.65,56924,REQ,0,4,569,51324,30791,227.185.78.215/28847/outbound/40.218.20.65/56924,3.206651934125158,173.5255179325971,54.114235500878735,289.24113157651954,90.20035149384886
2024-01-01 04:57:00,214.72020689648107,UDP,177.56.143.99,40401,inbound,136.233.198.9,32484,CON,4,3,97,31952,70065,177.56.143.99/40401/inbound/136.233.198.9/32484,0.45175068244398975,326.3083666540015,722.319587628866,148.8076062417563,329.4020618556701
2024-01-01 04:58:00,266.72373109527933,ICMP,75.248.135.66,55110,inbound,185.131.42.104,22411,FIN,3,0,727,11032,69784,75.248.135.66/55110/inbound/185.131.42.104/22411,2.725666730195448,261.63401251713776,95.98899587345254,41.361149061232716,15.174690508940852
2024-01-01 04:59:00,250.7526521920148,TCP,19.237.104.194,53824,outbound,228.226.62.170,50824,REQ,3,1,831,88645,74677,19.237.104.194/53824/outbound/228.226.62.170/50824,3.3140227739791106,297.8114063687582,89.86401925391095,353.51570252632763,106.67268351383875
