index_x,timestamp,duration,protocol,source_ip,source_port,direction,destination_ip,destination_port,state,source_type_of_service,destination_type_of_service,total_packets,bytes_transferred_total,bytes_transferred_source_to_dest,label,index_y,source_type_service,labelvalues,flowID,pps,bps_oneway,bpp_oneway,bps_twoway,bpp_twoway
0,2024-01-01 00:00:00,13.3588021063166,TCP,80.142.41.237,11132,outbound,132.253.129.11,14722,FIN,3,4,824,13262,33055,Normal,0,3,0,80.142.41.237/11132/outbound/132.253.129.11/14722,61.6821772971978,2474.398507959798,40.11529126213592,992.7536836352393,16.094660194174757
1,2024-01-01 00:01:00,73.45933975385057,UDP,34.47.210.135,9122,inbound,35.197.247.109,49942,CON,2,3,562,65535,65521,Normal,1,2,0,34.47.210.135/9122/inbound/35.197.247.109/49942,7.6504907596932386,891.9355962025991,116.58540925266904,892.1261778229474,116.61032028469751
2,2024-01-01 00:02:00,229.6879513943848,UDP,239.137.253.4,37204,inbound,72.148.244.249,39370,ACK,2,4,647,74767,50778,Normal,2,2,0,239.137.253.4/37204/inbound/72.148.244.249/39370,2.816865212442385,221.07385124791256,78.4822256568779,325.5155507553011,115.55950540958268
3,2024-01-01 00:03:00,20.833087411665066,UDP,116.175.116.153,19907,outbound,110.60.162.47,7753,FIN,1,1,630,5137,8741,Normal,3,4,0,116.175.116.153/19907/outbound/110.60.162.47/7753,30.24035696443362,419.5729527398639,13.874603174603175,246.57891067665952,8.153968253968253
4,2024-01-01 00:04:00,44.294584206257866,UDP,214.107.22.61,45424,outbound,143.70.142.236,40753,FIN,3,3,378,60626,9806,Normal,4,1,0,214.107.22.61/45424/outbound/143.70.142.236/40753,8.533774653800606,221.38146628351518,25.941798941798943,1368.7000586278189,160.3862433862434
5,2024-01-01 00:05:00,208.29862213090715,ICMP,13.136.240.19,47023,inbound,134.238.208.67,12195,REQ,3,2,818,88014,36358,Normal,5,2,0,13.136.240.19/47023/inbound/134.238.208.67/12195,3.9270543013286017,174.54748201430965,44.447432762836186,422.53760058329533,107.59657701711491
6,2024-01-01 00:06:00,267.7909768392894,UDP,92.107.184.228,48975,inbound,22.31.122.21,14971,FIN,4,2,60,14793,64129,Normal,6,2,0,92.107.184.228/48975/inbound/22.31.122.21/14971,0.22405534610678116,239.47408817469613,1068.8166666666666,55.240845582626896,246.55
7,2024-01-01 00:07:00,190.15622831678527,UDP,152.107.32.147,8184,outbound,155.109.14.123,61708,CON,1,3,637,92262,65574,Normal,7,0,0,152.107.32.147/8184/outbound/155.109.14.123/61708,3.3498771280781203,344.8427673415929,102.94191522762951,485.1905236903352,144.83830455259027
8,2024-01-01 00:08:00,66.76508704348342,UDP,188.175.63.29,56286,inbound,44.114.213.219,56189,FIN,3,3,467,59190,60516,Normal,8,3,0,188.175.63.29/56286/inbound/44.114.213.219/56189,6.994673723646128,906.4018737905119,129.5845824411135,886.5411942240135,126.74518201284796
9,2024-01-01 00:09:00,16.118787598539626,ICMP,108.72.108.240,20953,inbound,234.229.251.248,50972,FIN,1,0,628,2551,9377,Normal,9,0,0,108.72.108.240/20953/inbound/234.229.251.248/50972,38.9607466542271,581.743505376891,14.931528662420382,158.2625234314225,4.062101910828026
10,2024-01-01 00:10:00,184.57646210683848,ICMP,145.99.13.18,18621,outbound,9.33.227.72,35749,ACK,1,3,391,65660,28570,Normal,10,4,0,145.99.13.18/18621/outbound/9.33.227.72/35749,2.1183632817367433,154.78680040720909,73.0690537084399,355.73333268244136,167.92838874680308
11,2024-01-01 00:11:00,14.314833521556077,ICMP,71.58.194.96,12147,inbound,143.189.44.211,20474,CON,1,0,936,6062,43358,Normal,11,1,0,71.58.194.96/12147/inbound/143.189.44.211/20474,65.38671920916991,3028.886080631612,46.322649572649574,423.47680752776495,6.476495726495727
12,2024-01-01 00:12:00,183.8553433773329,TCP,44.159.110.10,50594,inbound,72.57.219.114,14324,REQ,0,0,685,97051,16583,Normal,12,3,0,44.159.110.10/50594/inbound/72.57.219.114/14324,3.725755191102333,90.19590997671531,24.208759124087592,527.8660832871132,141.68029197080293
13,2024-01-01 00:13:00,67.7514252539124,ICMP,106.1.217.124,29381,outbound,19.248.15.74,61388,CON,3,0,187,89652,44538,Normal,13,0,0,106.1.217.124/29381/outbound/19.248.15.74/61388,2.7600895375880143,657.3736247331283,238.1711229946524,1323.2489156355116,479.42245989304814
14,2024-01-01 00:14:00,271.406353116408,UDP,196.144.208.219,5984,inbound,106.135.160.73,20088,ACK,1,0,498,16544,67210,Normal,14,2,0,196.144.208.219/5984/inbound/106.135.160.73/20088,1.8348870403428046,247.63606020369457,134.95983935742973,60.95656866552481,33.22088353413655
15,2024-01-01 00:15:00,142.5802912793598,ICMP,94.167.214.173,34580,inbound,254.17.162.253,5465,CON,0,1,600,40543,40479,Normal,15,2,0,94.167.214.173/34580/inbound/254.17.162.253/5465,4.208155240926045,283.9031933290756,67.465,284.352063221441,67.57166666666667
16,2024-01-01 00:16:00,67.25913614957771,ICMP,216.92.3.165,19279,inbound,43.49.2.231,46803,CON,0,2,715,16606,51776,Normal,16,3,0,216.92.3.165/19279/inbound/43.49.2.231/46803,10.630526065781014,769.7987658487801,72.41398601398602,246.895826361342,23.225174825174825
17,2024-01-01 00:17:00,255.9582804359216,UDP,63.28.18.90,62958,outbound,219.58.27.45,20356,FIN,2,0,361,38484,73115,Normal,17,2,0,63.28.18.90/62958/outbound/219.58.27.45/20356,1.4103860964575252,285.6520206163212,202.53462603878117,150.35262752374348,106.6038781163435
18,2024-01-01 00:18:00,76.28521599440774,ICMP,29.247.227.162,14374,inbound,64.69.46.141,21139,FIN,2,2,823,97329,20703,Normal,18,0,0,29.247.227.162/14374/inbound/64.69.46.141/21139,10.788459982342212,271.3894131402562,25.155528554070475,1275.8566483856443,118.26123936816525
19,2024-01-01 00:19:00,92.04906304981014,TCP,116.69.122.22,31905,outbound,135.201.206.158,34893,CON,3,0,832,24348,56971,Normal,19,0,0,116.69.122.22/31905/outbound/135.201.206.158/34893,9.038657998613013,618.9199337006995,68.47475961538461,264.511111719026,29.264423076923077
20,2024-01-01 00:20:00,250.29994192673112,ICMP,231.45.254.171,19433,outbound,221.105.245.80,22892,CON,2,2,449,46262,13704,Normal,20,2,0,231.45.254.171/19433/outbound/221.105.245.80/22892,1.7938477993392152,54.75031234330647,30.521158129175948,184.8262514321398,103.03340757238307
21,2024-01-01 00:21:00,92.70672973719871,TCP,176.179.7.182,56440,inbound,251.50.28.112,43021,REQ,3,3,694,42790,2158,Normal,21,2,0,176.179.7.182/56440/inbound/251.50.28.112/43021,7.485972183112522,23.277706010312425,3.1095100864553316,461.563039935713,61.65706051873199
22,2024-01-01 00:22:00,123.10811439226812,TCP,66.204.167.248,33659,outbound,236.142.127.89,21639,ACK,0,3,864,69725,69533,Normal,22,4,0,66.204.167.248/33659/outbound/236.142.127.89/21639,7.018221376106659,564.812484889843,80.47800925925925,566.3720896400889,80.70023148148148
23,2024-01-01 00:23:00,104.36493466058408,TCP,213.158.243.175,3470,inbound,204.24.188.40,14639,FIN,0,2,680,68108,7949,Normal,23,1,0,213.158.243.175/3470/inbound/204.24.188.40/14639,6.515598387633718,76.16542879897122,11.689705882352941,652.5946690955254,100.15882352941176
24,2024-01-01 00:24:00,35.00845531732972,UDP,100.60.111.51,57605,inbound,69.3.235.239,15756,FIN,3,0,181,60409,13422,Normal,24,3,0,100.60.111.51/57605/inbound/69.3.235.239/15756,5.170179556891282,383.39309399223635,74.15469613259668,1725.55456824445,333.7513812154696
25,2024-01-01 00:25:00,11.76485409282316,ICMP,166.218.35.111,31681,inbound,105.184.30.130,26391,FIN,2,1,812,43337,37732,Normal,25,0,0,166.218.35.111/31681/inbound/105.184.30.130/26391,69.01913050458818,3207.179596304336,46.467980295566505,3683.598594430219,53.37068965517241
26,2024-01-01 00:26:00,217.38974815088827,TCP,87.182.84.12,22231,outbound,117.194.89.177,46158,FIN,2,2,959,35832,67849,Normal,26,3,0,87.182.84.12/22231/outbound/117.194.89.177/46158,4.411431579259049,312.1076342243454,70.7497393117831,164.82837992493248,37.363920750782064
27,2024-01-01 00:27:00,193.5766234683226,TCP,165.46.89.231,49975,inbound,145.187.201.65,43762,CON,3,4,130,8204,36633,Normal,27,4,0,165.46.89.231/49975/inbound/145.187.201.65/43762,0.6715686929071452,189.24289174821112,281.7923076923077,42.38115043546322,63.10769230769231
28,2024-01-01 00:28:00,84.78158365886193,ICMP,199.237.230.21,9776,inbound,88.202.23.98,46784,CON,4,1,975,83330,29345,Normal,28,0,0,199.237.230.21/9776/inbound/88.202.23.98/46784,11.500139038722551,346.12469752955207,30.097435897435897,982.8785498428207,85.46666666666667
29,2024-01-01 00:29:00,88.75017758296505,UDP,167.214.57.29,52827,inbound,215.159.214.225,2005,REQ,2,4,149,90366,66163,Normal,29,4,0,167.214.57.29/52827/inbound/215.159.214.225/2005,1.6788698801274227,745.4970998581923,444.0469798657718,1018.2064133395615,606.48322147651
30,2024-01-01 00:30:00,283.5072343243035,UDP,146.253.105.145,14464,outbound,105.18.65.59,63905,FIN,1,2,472,35080,49624,Normal,30,4,0,146.253.105.145/14464/outbound/105.18.65.59/63905,1.6648605144942434,175.03609782047107,105.13559322033899,123.73581959419081,74.32203389830508
31,2024-01-01 00:31:00,296.3025710573243,TCP,238.73.166.93,45888,outbound,115.193.14.247,59633,FIN,2,0,818,75090,64984,Normal,31,2,0,238.73.166.93/45888/outbound/115.193.14.247/59633,2.760691535956147,219.31635546769468,79.44254278728606,253.42338317230693,91.79706601466992
32,2024-01-01 00:32:00,142.08312747978468,UDP,154.70.6.196,50715,inbound,85.162.196.234,22578,CON,4,4,721,39660,30116,Normal,32,3,0,154.70.6.196/50715/inbound/85.162.196.234/22578,5.0744941555610295,211.96042439511228,41.769764216366156,279.1323692226774,55.00693481276006
33,2024-01-01 00:33:00,240.75527846989996,ICMP,65.45.17.140,7523,inbound,155.87.6.5,26343,REQ,0,2,623,9654,8995,Normal,33,3,0,65.45.17.140/7523/inbound/155.87.6.5/26343,2.587689889747898,37.361589981191564,14.438202247191011,40.0988093027708,15.495987158908507
34,2024-01-01 00:34:00,221.03209417322267,UDP,153.231.7.73,22163,inbound,238.124.32.57,17154,CON,0,1,948,91149,29468,Normal,34,2,0,153.231.7.73/22163/inbound/238.124.32.57/17154,4.288969905234907,133.32000545090955,31.08438818565401,412.37902731250693,96.14873417721519
35,2024-01-01 00:35:00,89.26558108266286,ICMP,160.144.101.78,15791,inbound,177.144.109.41,19839,FIN,0,0,500,46087,49924,Normal,35,3,0,160.144.101.78/15791/inbound/177.144.109.41/19839,5.601263039300484,559.2749119480748,99.848,516.2908193844828,92.174
36,2024-01-01 00:36:00,17.662956885091457,TCP,79.120.175.62,23367,outbound,94.199.167.173,9590,FIN,2,4,649,31085,17180,Normal,36,2,0,79.120.175.62/23367/outbound/94.199.167.173/9590,36.74356475091625,972.6570761490619,26.471494607087827,1759.897858678323,47.89676425269646
37,2024-01-01 00:37:00,42.85262151476851,ICMP,40.242.83.14,28736,outbound,199.197.195.128,27353,ACK,0,2,355,90398,68298,Normal,37,0,0,40.242.83.14/28736/outbound/199.197.195.128/27353,8.284207300541803,1593.7881414433916,192.3887323943662,2109.509215646135,254.64225352112675
38,2024-01-01 00:38:00,251.5044056885289,TCP,99.133.221.120,20697,outbound,79.94.216.110,7373,ACK,4,0,916,48267,41444,Normal,38,4,0,99.133.221.120/20697/outbound/79.94.216.110/7373,3.6420833165618727,164.78438970697624,45.24454148471616,191.91313912717456,52.693231441048034
39,2024-01-01 00:39:00,219.3910246168847,ICMP,63.135.222.127,60978,outbound,97.179.162.118,54073,ACK,4,0,211,40528,49685,Normal,39,4,0,63.135.222.127/60978/outbound/97.179.162.118/54073,0.9617531089453744,226.46778776280058,235.4739336492891,184.72952606321388,192.07582938388626
40,2024-01-01 00:40:00,199.3340198542371,ICMP,112.110.31.44,55722,outbound,69.132.227.144,11752,REQ,2,3,658,67338,17454,Normal,40,3,0,112.110.31.44/55722/outbound/69.132.227.144/11752,3.3009919755853123,87.56157134022195,26.5258358662614,337.8148900485771,102.33738601823708
41,2024-01-01 00:41:00,39.28158462582483,UDP,122.179.206.81,30512,outbound,181.51.141.121,41340,CON,1,0,596,62823,72679,Normal,41,1,0,122.179.206.81/30512/outbound/181.51.141.121/41340,15.172504003521608,1850.2054001207161,121.94463087248322,1599.2990251899964,105.40771812080537
42,2024-01-01 00:42:00,192.01521316641237,ICMP,13.23.167.13,27544,outbound,29.135.225.103,19399,FIN,2,2,30,17138,13206,Normal,42,4,0,13.23.167.13/27544/outbound/29.135.225.103/19399,0.15623762047437423,68.77580053281953,440.2,89.25334465632751,571.2666666666667
43,2024-01-01 00:43:00,231.6684842147853,TCP,220.202.69.61,45129,inbound,1.28.163.178,53104,FIN,0,1,577,22319,55668,Normal,43,2,0,220.202.69.61/45129/inbound/1.28.163.178/53104,2.490627941714548,240.29163996423824,96.47833622183708,96.34025135377296,38.68110918544194
44,2024-01-01 00:44:00,258.1944647831011,ICMP,120.88.188.0,49611,inbound,165.220.68.52,22838,REQ,2,3,24,4371,50049,Normal,44,1,0,120.88.188.0/49611/inbound/165.220.68.52/22838,0.09295319332334039,193.84226552666095,2085.375,16.929100334013366,182.125
45,2024-01-01 00:45:00,4.068060630166103,TCP,217.193.125.31,16808,inbound,224.123.179.87,37238,FIN,4,2,984,27497,13835,Normal,45,1,0,217.193.125.31/16808/inbound/224.123.179.87/37238,241.88430051983326,3400.8834326137126,14.059959349593496,6759.240458733592,27.94410569105691
46,2024-01-01 00:46:00,205.37408305335543,TCP,141.160.31.55,52934,inbound,83.11.51.128,56951,FIN,2,2,943,74591,48409,Normal,46,4,0,141.160.31.55/52934/inbound/83.11.51.128/56951,4.5916212307811595,235.7113384526884,51.335100742311774,363.1957786057237,79.09968186638388
47,2024-01-01 00:47:00,5.827386915401005,ICMP,152.90.3.215,39103,inbound,135.144.126.225,58959,CON,2,2,723,29702,14744,Normal,47,4,0,152.90.3.215/39103/inbound/135.144.126.225/58959,124.06933167406605,2530.1220279425033,20.39280774550484,5096.967205232517,41.08160442600277
48,2024-01-01 00:48:00,212.0911663784772,UDP,23.28.97.148,45244,inbound,171.70.16.186,22569,ACK,1,4,222,54571,36164,Normal,48,4,0,23.28.97.148/45244/inbound/171.70.16.186/22569,1.0467196903610803,170.51158055053202,162.9009009009009,257.29973073285817,245.8153153153153
49,2024-01-01 00:49:00,190.72284728312823,ICMP,30.89.147.143,21515,outbound,3.28.21.165,46612,ACK,4,4,602,62250,69599,Normal,49,2,0,30.89.147.143/21515/outbound/3.28.21.165/46612,3.1564126090584756,364.9221946476094,115.61295681063123,326.38984204965135,103.40531561461793
50,2024-01-01 00:50:00,44.58952408939985,ICMP,67.176.100.57,48366,inbound,54.106.220.241,19977,REQ,3,1,618,44327,57280,Normal,50,1,0,67.176.100.57/48366/inbound/54.106.220.241/19977,13.859757703646707,1284.6066687134035,92.68608414239482,994.1124267468407,71.72653721682848
51,2024-01-01 00:51:00,229.8599132284045,UDP,232.171.24.22,52071,outbound,178.245.233.68,3896,ACK,3,2,684,97181,32849,Normal,51,3,0,232.171.24.22/52071/outbound/178.245.233.68/3896,2.97572547728377,142.90878099896867,48.02485380116959,422.78359299402644,142.07748538011697
52,2024-01-01 00:52:00,20.597450695088376,TCP,236.186.128.96,49744,inbound,158.150.246.212,10392,ACK,4,4,742,23216,11206,Normal,52,2,0,236.186.128.96/49744/inbound/158.150.246.212/10392,36.023875526350245,544.0479099033435,15.102425876010782,1127.129776576479,31.288409703504044
53,2024-01-01 00:53:00,247.93699224601556,ICMP,143.127.80.225,36292,outbound,120.217.245.46,35127,REQ,3,4,925,6774,10354,Normal,53,0,0,143.127.80.225/36292/outbound/120.217.245.46/35127,3.730786566460274,41.76060984770776,11.193513513513514,27.32145751481286,7.323243243243243
54,2024-01-01 00:54:00,78.65258052998387,UDP,209.179.185.168,15742,outbound,149.19.150.195,6437,REQ,0,4,589,17569,40695,Normal,54,4,0,209.179.185.168/15742/outbound/149.19.150.195/6437,7.488629057446652,517.4019685785934,69.09168081494057,223.37474348095117,29.828522920203735
55,2024-01-01 00:55:00,206.68667350396944,UDP,172.3.204.195,36621,inbound,149.20.0.142,30293,ACK,3,1,580,5546,38988,Normal,55,1,0,172.3.204.195/36621/inbound/149.20.0.142/30293,2.8061799542623196,188.63335182203332,67.22068965517241,26.83288625230832,9.562068965517241
56,2024-01-01 00:56:00,277.1144333724589,TCP,135.45.250.8,62241,inbound,17.50.190.13,50288,CON,0,1,877,20860,57032,Normal,56,2,0,135.45.250.8/62241/inbound/17.50.190.13/50288,3.1647575672150494,205.80667454208518,65.03078677309009,75.27576151893493,23.78563283922463
57,2024-01-01 00:57:00,102.01412469956732,UDP,215.160.32.83,33839,inbound,59.82.49.123,21180,REQ,4,2,401,2063,77664,Normal,57,0,0,215.160.32.83/33839/inbound/59.82.49.123/21180,3.9308282179644167,761.3063409476022,193.67581047381546,20.22268980962741,5.144638403990025
58,2024-01-01 00:58:00,150.9179339743317,TCP,132.64.245.105,36156,inbound,34.5.108.48,14447,FIN,3,3,865,76102,2365,Normal,58,2,0,132.64.245.105/36156/inbound/34.5.108.48/14447,5.731591847441539,15.67076846150201,2.7341040462427744,504.2608124554867,87.97919075144509
59,2024-01-01 00:59:00,138.98909838174006,ICMP,34.218.84.87,27856,inbound,6.116.117.196,39086,REQ,3,2,901,27362,12470,Normal,59,2,0,34.218.84.87/27856/inbound/6.116.117.196/39086,6.482522805676179,89.71926679997996,13.840177580466149,196.86436072021266,30.368479467258602
60,2024-01-01 01:00:00,47.36764358395414,UDP,207.226.191.152,55842,outbound,7.96.204.178,43829,FIN,0,4,604,5277,18362,Normal,60,3,0,207.226.191.152/55842/outbound/7.96.204.178/43829,12.751320401435503,387.6485847866866,30.40066225165563,111.4051618516145,8.736754966887418
61,2024-01-01 01:01:00,177.1345719461794,ICMP,55.136.16.148,32886,inbound,118.128.140.170,63789,REQ,0,4,512,11260,21445,Normal,61,3,0,55.136.16.148/32886/inbound/118.128.140.170/63789,2.8904577710305257,121.06614628857349,41.884765625,63.567489261335396,21.9921875
62,2024-01-01 01:02:00,222.92627536443229,UDP,188.140.130.195,13888,outbound,27.198.115.130,3011,REQ,2,0,88,7643,40351,Normal,62,2,0,188.140.130.195/13888/outbound/27.198.115.130/3011,0.39474933969152176,181.00602961241586,458.53409090909093,34.28487730979887,86.85227272727273
63,2024-01-01 01:03:00,275.0707611942534,UDP,4.234.219.6,23866,outbound,58.88.96.231,64003,ACK,1,2,465,82262,47022,Normal,63,0,0,4.234.219.6/23866/outbound/58.88.96.231/64003,1.6904741092115554,170.9451044373027,101.12258064516129,299.0575939181956,176.90752688172043
64,2024-01-01 01:04:00,255.25570023468887,ICMP,26.202.23.234,59121,outbound,17.172.205.100,38621,ACK,3,4,50,39378,63344,Normal,64,1,0,26.202.23.234/59121/outbound/17.172.205.100/38621,0.19588201146547823,248.15900268538505,1266.88,154.26883694975203,787.56
65,2024-01-01 01:05:00,153.05481198043668,UDP,10.228.12.124,9201,inbound,186.183.181.214,19393,ACK,1,4,103,29707,48275,Normal,65,1,0,10.228.12.124/9201/inbound/186.183.181.214/19393,0.6729615270976607,315.40988078290843,468.68932038834953,194.0938649076719,288.41747572815535
66,2024-01-01 01:06:00,215.73324463812924,ICMP,172.233.38.146,47139,inbound,251.215.28.101,28892,CON,1,3,368,85935,22904,Normal,66,4,0,172.233.38.146/47139/inbound/251.215.28.101/28892,1.7058103428485623,106.16815242555292,62.23913043478261,398.33916253448695,233.51902173913044
67,2024-01-01 01:07:00,240.25494567083044,ICMP,179.18.75.51,57806,inbound,123.53.26.101,12458,ACK,3,0,936,17321,70830,Normal,67,4,0,179.18.75.51/57806/inbound/123.53.26.101/12458,3.895861529037571,294.81182916851617,75.67307692307692,72.09424951331171,18.50534188034188
68,2024-01-01 01:08:00,148.0972652501308,TCP,214.174.228.119,41723,inbound,117.103.44.113,64829,ACK,0,2,492,3423,30979,Normal,68,1,0,214.174.228.119/41723/inbound/117.103.44.113/64829,3.322141021098737,209.18009490369465,62.96544715447155,23.11318844557109,6.9573170731707314
69,2024-01-01 01:09:00,34.7167254552099,ICMP,158.45.203.220,57234,inbound,87.30.163.208,55267,REQ,2,1,558,52205,57153,Normal,69,2,0,158.45.203.220/57234/inbound/87.30.163.208/55267,16.07294445784954,1646.2670154112452,102.4247311827957,1503.7420527276618,93.55734767025089
70,2024-01-01 01:10:00,131.4354360778265,TCP,149.74.123.228,52978,inbound,189.36.194.35,15572,REQ,4,2,691,76251,63670,Normal,70,2,0,149.74.123.228/52978/inbound/189.36.194.35/15572,5.2573340996931766,484.4203504015406,92.14182344428365,580.1403508476185,110.34876989869754
71,2024-01-01 01:11:00,252.7591636566493,ICMP,48.61.57.17,46633,outbound,119.4.173.206,17660,CON,3,2,779,67068,44640,Normal,71,3,0,48.61.57.17/46633/outbound/119.4.173.206/17660,3.0819851938511786,176.61080751414198,57.30423620025674,265.34349548294074,86.09499358151476
72,2024-01-01 01:12:00,179.0327574775811,UDP,108.186.218.228,12868,inbound,52.48.5.122,58491,FIN,3,3,268,23338,72604,Normal,72,3,0,108.186.218.228/12868/inbound/52.48.5.122/58491,1.4969327612214183,405.53472461089495,270.910447761194,130.35603276636365,87.08208955223881
73,2024-01-01 01:13:00,217.36506726510075,ICMP,48.62.11.214,9618,outbound,138.117.223.22,33407,REQ,4,2,397,63930,10671,Normal,73,4,0,48.62.11.214/9618/outbound/138.117.223.22/33407,1.8264204317422108,49.0925250053429,26.879093198992443,294.11349672866385,161.03274559193954
74,2024-01-01 01:14:00,55.661879843561,UDP,34.253.188.101,14442,outbound,240.144.109.211,43220,REQ,1,3,320,74067,1023,Normal,74,1,0,34.253.188.101/14442/outbound/240.144.109.211/43220,5.748997355090546,18.37882591955509,3.196875,1330.6593346859108,231.459375
75,2024-01-01 01:15:00,289.3048966864806,TCP,87.180.24.189,35878,inbound,44.40.142.171,18031,FIN,2,3,520,8430,58836,Normal,75,2,0,87.180.24.189/35878/inbound/44.40.142.171/18031,1.797411678667587,203.37021831939646,113.14615384615385,29.138808559938,16.21153846153846
76,2024-01-01 01:16:00,121.28375079504347,UDP,132.221.221.140,24132,inbound,238.185.213.49,36948,CON,1,4,449,44253,37147,Normal,76,1,0,132.221.221.140/24132/inbound/238.185.213.49/36948,3.702062288284288,306.2817546166959,82.73273942093542,364.87163127715945,98.55902004454343
77,2024-01-01 01:17:00,196.1252932630469,ICMP,170.254.48.77,11443,inbound,52.69.195.190,31235,REQ,4,1,777,8711,34295,Normal,77,0,0,170.254.48.77/11443/inbound/52.69.195.190/31235,3.9617531582623213,174.86270857478289,44.13770913770914,44.4154848926938,11.211068211068211
78,2024-01-01 01:18:00,5.759789151722518,UDP,184.174.135.54,23563,inbound,186.150.171.108,12352,ACK,4,3,476,13972,65261,Normal,78,1,0,184.174.135.54/23563/inbound/186.150.171.108/12352,82.64191404604591,11330.449480165971,137.10294117647058,2425.7832417045242,29.352941176470587
79,2024-01-01 01:19:00,38.28304675036187,TCP,216.17.34.216,45394,inbound,211.117.108.94,4413,CON,2,0,898,49555,54891,Normal,79,0,0,216.17.34.216/45394/inbound/211.117.108.94/4413,23.456858223843213,1433.8200498496412,61.125835189309576,1294.4372041008357,55.1837416481069
80,2024-01-01 01:20:00,234.6320775384872,UDP,209.159.247.151,44974,inbound,44.179.66.155,53593,FIN,4,0,590,35030,25396,Normal,80,3,0,209.159.247.151/44974/inbound/44.179.66.155/53593,2.5145751859236767,108.23754478257236,43.04406779661017,149.2975741744176,59.3728813559322
81,2024-01-01 01:21:00,290.3940367115244,UDP,7.12.125.218,13859,outbound,67.205.17.154,60023,FIN,4,1,909,72122,72030,Normal,81,3,0,7.12.125.218/13859/outbound/67.205.17.154/60023,3.1302295677062917,248.04228356642926,79.24092409240924,248.35909447977247,79.34213421342135
82,2024-01-01 01:22:00,96.08460098113792,ICMP,112.68.99.89,18557,outbound,179.252.59.253,10482,ACK,2,3,240,62814,49203,Normal,82,4,0,112.68.99.89/18557/outbound/179.252.59.253/10482,2.4977987892889693,512.0799742891048,205.0125,653.7363881266555,261.725
83,2024-01-01 01:23:00,11.250502408885325,ICMP,42.108.158.201,50238,outbound,74.48.14.210,3969,ACK,3,1,258,88894,76992,Normal,83,1,0,42.108.158.201/50238/outbound/74.48.14.210/3969,22.932309209252644,6843.427715654185,298.4186046511628,7901.336026539941,344.5503875968992
84,2024-01-01 01:24:00,108.32389393384324,UDP,110.25.213.75,30539,outbound,73.195.142.178,10376,ACK,1,4,708,48816,6022,Normal,84,1,0,110.25.213.75/30539/outbound/73.195.142.178/10376,6.53595411214074,55.59253624761516,8.505649717514125,450.64849708794117,68.94915254237289
85,2024-01-01 01:25:00,5.338692270672887,TCP,32.90.224.124,36945,outbound,48.71.112.244,11510,CON,3,0,972,66804,48113,Normal,85,0,0,32.90.224.124/36945/outbound/48.71.112.244/11510,182.06705888247225,9012.132102893403,49.498971193415635,12513.176750601519,68.72839506172839
86,2024-01-01 01:26:00,57.79269036951449,UDP,245.125.51.147,42992,outbound,129.134.52.158,42424,FIN,3,2,944,515,65538,Normal,86,3,0,245.125.51.147/42992/outbound/129.134.52.158/42424,16.334245628024227,1134.0188453066228,69.42584745762711,8.911161544949659,0.5455508474576272
87,2024-01-01 01:27:00,225.76635731461613,TCP,103.104.167.186,23346,inbound,18.11.47.29,3116,ACK,1,0,842,76541,57105,Normal,87,0,0,103.104.167.186/23346/inbound/18.11.47.29/3116,3.7295193580442683,252.93848330299042,67.8206650831354,339.0274835915277,90.90380047505938
88,2024-01-01 01:28:00,281.1328105921382,TCP,205.13.171.103,11247,inbound,97.250.238.6,52881,ACK,3,3,643,70879,64416,Normal,88,3,0,205.13.171.103/11247/inbound/97.250.238.6/52881,2.287175227415385,229.13013911226975,100.18040435458786,252.11927362982127,110.23172628304822
89,2024-01-01 01:29:00,26.325980402229103,TCP,117.213.209.47,59690,inbound,92.112.2.106,65391,FIN,2,1,964,82169,10981,Normal,89,0,0,117.213.209.47/59690/inbound/92.112.2.106/65391,36.61781955586258,417.11646944287037,11.391078838174273,3121.2132936573366,85.23755186721992
90,2024-01-01 01:30:00,167.4144435652717,UDP,93.170.143.109,11297,outbound,63.133.222.101,37551,REQ,1,0,390,92656,7752,Normal,90,3,0,93.170.143.109/11297/outbound/63.133.222.101/37551,2.3295481064508414,46.30424851591519,19.876923076923077,553.4528444905363,237.5794871794872
91,2024-01-01 01:31:00,76.23886575259716,TCP,163.52.161.2,34543,outbound,15.198.170.221,6136,CON,0,2,343,88544,21590,Normal,91,0,0,163.52.161.2/34543/outbound/15.198.170.221/6136,4.4990176154124555,283.1888930517636,62.94460641399417,1161.4023782480479,258.1457725947522
92,2024-01-01 01:32:00,41.80383182559947,UDP,68.245.132.137,25184,outbound,91.80.246.145,17961,REQ,3,2,773,71535,57500,Normal,92,3,0,68.245.132.137/25184/outbound/91.80.246.145/17961,18.491127876144525,1375.4719959615916,74.38551099611902,1711.2067692367382,92.54204398447607
93,2024-01-01 01:33:00,65.77217094447809,TCP,52.156.95.30,62512,inbound,150.60.119.60,38696,ACK,4,1,754,99242,65302,Normal,93,0,0,52.156.95.30/62512/inbound/150.60.119.60/38696,11.46381500219132,992.8515215823576,86.60742705570291,1508.8752366677334,131.6206896551724
94,2024-01-01 01:34:00,173.37114394256244,TCP,66.203.90.68,9873,inbound,53.25.114.218,47050,CON,1,1,387,9988,46954,Normal,94,1,0,66.203.90.68/9873/inbound/53.25.114.218/47050,2.2322053785848723,270.8293833231889,121.328165374677,57.61050987417495,25.808785529715763
95,2024-01-01 01:35:00,19.63383698304392,UDP,165.154.86.32,60028,inbound,40.87.115.135,2136,REQ,0,0,394,45399,52370,Normal,95,4,0,165.154.86.32/60028/inbound/40.87.115.135/2136,20.067396930119383,2667.3339523613,132.91878172588832,2312.2836376408372,115.2258883248731
96,2024-01-01 01:36:00,130.3221569909084,ICMP,68.186.191.212,50876,outbound,21.220.42.20,36569,FIN,4,3,683,58865,31050,Normal,96,0,0,68.186.191.212/50876/outbound/21.220.42.20/36569,5.240858621206275,238.25572501969964,45.46120058565154,451.6883495421777,86.18594436310396
97,2024-01-01 01:37:00,40.65483250145365,ICMP,88.171.94.107,26680,outbound,131.30.246.154,32764,ACK,0,4,659,62814,2649,Normal,97,4,0,88.171.94.107/26680/outbound/131.30.246.154/32764,16.20963510245521,65.15830559393603,4.019726858877086,1545.0561750009433,95.31714719271623
98,2024-01-01 01:38:00,81.87584801310499,UDP,240.215.176.52,50012,outbound,238.26.72.184,24505,CON,3,2,270,16035,56215,Normal,98,1,0,240.215.176.52/50012/outbound/238.26.72.184/24505,3.297675768277649,686.5883085693631,208.2037037037037,195.8452997938226,59.388888888888886
99,2024-01-01 01:39:00,57.30722349000484,UDP,74.48.112.113,11372,inbound,97.160.89.219,49379,CON,4,1,149,73102,58905,Normal,99,1,0,74.48.112.113/11372/inbound/97.160.89.219/49379,2.600021270023449,1027.8808920183305,395.33557046979865,1275.6158045721756,490.61744966442956
100,2024-01-01 01:40:00,264.90435239928604,ICMP,194.94.190.24,18948,outbound,44.42.30.116,11049,CON,3,4,380,80731,68,Normal,100,3,0,194.94.190.24/18948/outbound/44.42.30.116/11049,1.4344800172525372,0.2566964241399277,0.17894736842105263,304.7552796653015,212.45
101,2024-01-01 01:41:00,212.4325981282997,ICMP,132.178.138.144,53208,inbound,193.211.75.144,35106,CON,4,4,811,76829,908,Normal,101,4,0,132.178.138.144/53208/inbound/193.211.75.144/35106,3.81768150060563,4.274296920530102,1.11960542540074,361.6629494574969,94.73366214549938
102,2024-01-01 01:42:00,260.5519274263464,ICMP,108.193.197.200,39959,inbound,143.33.241.79,53669,ACK,1,4,28,1420,26042,Normal,102,2,0,108.193.197.200/39959/inbound/143.33.241.79/53669,0.107464182961821,99.94936616756223,930.0714285714286,5.449969278778065,50.714285714285715
103,2024-01-01 01:43:00,115.10050408085296,UDP,69.83.156.84,40156,inbound,4.71.97.109,61506,ACK,2,3,149,46132,32630,Normal,103,3,0,69.83.156.84/40156/inbound/4.71.97.109/61506,1.2945208293382813,283.4913735658263,218.99328859060404,400.7975496579436,309.61073825503354
104,2024-01-01 01:44:00,94.09266811961564,TCP,201.219.252.118,3007,inbound,217.206.27.200,14586,FIN,2,1,420,77863,70966,Normal,104,4,0,201.219.252.118/3007/inbound/217.206.27.200/14586,4.4636846673969695,754.2139193011747,168.96666666666667,827.5139982322149,185.38809523809525
105,2024-01-01 01:45:00,114.23809974984032,UDP,72.222.19.26,25914,inbound,130.16.57.126,12328,FIN,0,2,280,18007,35850,Normal,105,0,0,72.222.19.26/25914/inbound/130.16.57.126/12328,2.451021162056675,313.8182452133279,128.03571428571428,157.62692166126627,64.31071428571428
106,2024-01-01 01:46:00,5.662603897749799,ICMP,8.245.84.60,15653,inbound,202.8.30.193,58466,FIN,4,1,182,38102,58820,Normal,106,0,0,8.245.84.60/15653/inbound/202.8.30.193/58466,32.14069062332314,10387.447376175092,323.1868131868132,6728.706561153067,209.35164835164835
107,2024-01-01 01:47:00,217.43881211705255,TCP,156.214.197.2,50080,inbound,88.61.18.80,57649,REQ,3,0,166,44938,54991,Normal,107,1,0,156.214.197.2/50080/inbound/88.61.18.80/57649,0.7634331625700669,252.90333158367798,331.2710843373494,206.66963529863654,270.71084337349396
108,2024-01-01 01:48:00,104.99675982283397,UDP,197.200.6.187,12297,outbound,107.240.201.241,8039,FIN,1,2,17,39012,37537,Normal,108,2,0,197.200.6.187/12297/outbound/107.240.201.241/8039,0.16190975825049184,357.50627032051244,2208.0588235294117,371.5543228745992,2294.823529411765
109,2024-01-01 01:49:00,94.0658086926798,ICMP,4.230.132.138,55972,inbound,55.155.229.111,45909,ACK,1,1,150,652,12993,Normal,109,0,0,4.230.132.138/55972/inbound/55.155.229.111/45909,1.5946282935817997,138.12670279005548,86.62,6.931317649435556,4.346666666666667
110,2024-01-01 01:50:00,179.4825055046228,UDP,125.14.191.225,32763,outbound,220.122.241.243,59847,REQ,1,2,339,20240,61507,Normal,110,4,0,125.14.191.225/32763/outbound/220.122.241.243/59847,1.888763470550441,342.6907810712271,181.43657817109144,112.76865086708239,59.70501474926254
111,2024-01-01 01:51:00,130.93134852177394,TCP,13.117.239.6,41440,inbound,178.64.123.2,6734,ACK,2,0,45,85691,18886,Normal,111,4,0,13.117.239.6/41440/inbound/178.64.123.2/6734,0.34369156438128706,144.2435307756664,419.68888888888887,654.4727520754859,1904.2444444444445
112,2024-01-01 01:52:00,294.25492613034714,ICMP,104.5.183.63,8918,inbound,207.179.137.20,13612,REQ,3,2,502,48837,11444,Normal,112,0,0,104.5.183.63/8918/inbound/207.179.137.20/13612,1.7060037247350186,38.89144746188756,22.796812749003983,165.9683344718807,97.28486055776892
113,2024-01-01 01:53:00,106.9402875653505,UDP,231.177.29.21,47097,inbound,37.14.86.205,51398,FIN,1,4,842,33467,72208,Normal,113,4,0,231.177.29.21/47097/inbound/37.14.86.205/51398,7.873552794455124,675.217933707857,85.75771971496437,312.95034604754113,39.74703087885986
114,2024-01-01 01:54:00,184.2073630781532,TCP,153.155.117.83,46717,outbound,207.201.119.136,64146,FIN,1,3,189,80734,25330,Normal,114,4,0,153.155.117.83/46717/outbound/207.201.119.136/64146,1.0260176186323966,137.50807555533652,134.02116402116403,438.27781176014764,427.16402116402116
115,2024-01-01 01:55:00,93.56416507283454,TCP,167.194.132.192,52490,inbound,44.38.132.24,21991,FIN,0,0,651,24161,77368,Normal,115,1,0,167.194.132.192/52490/inbound/44.38.132.24/21991,6.957792008224863,826.8977758714918,118.84485407066052,258.22920539281245,37.1136712749616
116,2024-01-01 01:56:00,297.17943456517594,UDP,143.89.194.167,25367,inbound,56.233.120.89,22928,REQ,4,2,61,96690,1209,Normal,116,2,0,143.89.194.167/25367/inbound/56.233.120.89/22928,0.20526319423567574,4.068249210343147,19.81967213114754,325.3589877155326,1585.0819672131147
117,2024-01-01 01:57:00,133.5887993125664,TCP,121.232.238.105,44119,outbound,64.199.213.179,25280,ACK,4,0,294,80436,70212,Normal,117,1,0,121.232.238.105/44119/outbound/64.199.213.179/25280,2.2007833105237293,525.5829857091568,238.81632653061226,602.1163481812473,273.59183673469386
118,2024-01-01 01:58:00,190.27523037895415,ICMP,226.243.68.94,32198,outbound,89.111.75.136,59372,CON,4,4,834,42224,23490,Normal,118,2,0,226.243.68.94/32198/outbound/89.111.75.136/59372,4.3831243737768535,123.45274764990204,28.165467625899282,221.9101241706881,50.62829736211031
119,2024-01-01 01:59:00,38.10382911870785,TCP,243.76.170.0,51825,outbound,138.239.9.200,26076,ACK,0,3,33,45738,77216,Normal,119,4,0,243.76.170.0/51825/outbound/138.239.9.200/26076,0.8660546922250913,2026.4630034803833,2339.878787878788,1200.3518034239767,1386.0
120,2024-01-01 02:00:00,219.93396203761105,UDP,150.61.206.153,57876,outbound,62.89.226.218,63609,FIN,2,0,299,91215,52762,Normal,120,2,0,150.61.206.153/57876/outbound/62.89.226.218/63609,1.359498993379057,239.8992839085813,176.46153846153845,414.7381293681294,305.066889632107
121,2024-01-01 02:01:00,80.83609635689903,ICMP,18.47.136.0,45203,inbound,60.222.146.106,16460,REQ,0,4,415,2082,47706,Normal,121,4,0,18.47.136.0/45203/inbound/60.222.146.106/16460,5.133845134823627,590.1571469925203,114.95421686746988,25.75582065229588,5.016867469879518
122,2024-01-01 02:02:00,134.6391145236186,TCP,235.136.255.150,7924,inbound,38.133.142.220,22839,REQ,1,4,624,35865,6639,Normal,122,4,0,235.136.255.150/7924/inbound/38.133.142.220/22839,4.634611585257693,49.30959345276574,10.639423076923077,266.37875721997943,57.47596153846154
123,2024-01-01 02:03:00,264.95160539200464,TCP,107.172.249.129,49929,outbound,47.172.245.132,59503,FIN,3,4,803,82706,48291,Normal,123,1,0,107.172.249.129/49929/outbound/47.172.245.132/59503,3.030742156900446,182.2634738466743,60.13823163138232,312.15511933824195,102.99626400996264
124,2024-01-01 02:04:00,291.1686992140419,ICMP,142.37.39.190,4824,inbound,78.52.193.61,16220,REQ,1,2,549,96522,23283,Normal,124,1,0,142.37.39.190/4824/inbound/78.52.193.61/16220,1.8855048687648357,79.96395238515787,42.40983606557377,331.49854452262196,175.81420765027323
125,2024-01-01 02:05:00,127.42917334192305,ICMP,82.15.126.116,36270,outbound,23.43.51.45,61224,FIN,1,1,431,54781,35061,Normal,125,3,0,82.15.126.116/36270/outbound/23.43.51.45/61224,3.382271019239241,275.14107704303257,81.34802784222738,429.8937092922155,127.10208816705337
126,2024-01-01 02:06:00,250.45732011955448,TCP,93.235.202.133,62435,outbound,147.215.83.46,19113,ACK,3,0,495,63332,8227,Normal,126,0,0,93.235.202.133/62435/outbound/147.215.83.46/19113,1.976384638163957,32.847911955908835,16.62020202020202,252.86543819030246,127.94343434343435
127,2024-01-01 02:07:00,16.099363465503238,ICMP,3.13.251.65,43759,outbound,91.51.23.144,50693,REQ,4,1,100,62449,34578,Normal,127,3,0,3.13.251.65/43759/outbound/91.51.23.144/50693,6.211425701039303,2147.7867789053703,345.78,3878.9732360420344,624.49
128,2024-01-01 02:08:00,254.2874515340997,UDP,224.94.202.85,43950,inbound,89.173.63.118,18628,CON,0,4,23,63574,61401,Normal,128,3,0,224.94.202.85/43950/inbound/89.173.63.118/18628,0.09044882026715237,241.46295709667052,2669.608695652174,250.00840433321497,2764.086956521739
129,2024-01-01 02:09:00,188.8901456135796,TCP,195.113.158.160,8078,outbound,223.155.177.250,3530,REQ,2,1,420,29613,56881,Normal,129,2,0,195.113.158.160/8078/outbound/223.155.177.250/3530,2.2235146181697134,301.132702371694,135.4309523809524,156.77366282823743,70.50714285714285
130,2024-01-01 02:10:00,146.6629799006414,UDP,254.215.128.171,39851,inbound,64.155.85.55,33608,FIN,1,4,424,22692,51877,Normal,130,4,0,254.215.128.171/39851/inbound/64.155.85.55/33608,2.8909817616363984,353.7157095481402,122.35141509433963,154.72207107323857,53.5188679245283
131,2024-01-01 02:11:00,267.0001151706606,TCP,15.36.154.229,43751,inbound,59.132.181.171,21733,CON,1,4,487,23718,23558,Normal,131,4,0,15.36.154.229/43751/inbound/59.132.181.171/21733,1.8239692506826086,88.23217167881087,48.37371663244353,88.8314223566532,48.70225872689939
132,2024-01-01 02:12:00,253.6166330296735,UDP,176.26.235.11,45799,inbound,170.199.124.229,59559,FIN,2,3,730,51732,54983,Normal,132,4,0,176.26.235.11/45799/inbound/170.199.124.229/59559,2.878360111004979,216.7957177854613,75.31917808219178,203.97715789384873,70.86575342465754
133,2024-01-01 02:13:00,89.15383427647623,UDP,67.29.95.214,42225,outbound,220.184.46.203,45864,REQ,0,3,89,15509,68822,Normal,133,0,0,67.29.95.214/42225/outbound/220.184.46.203/45864,0.9982745074541699,771.9466084495605,773.2808988764045,173.95774534951371,174.25842696629215
134,2024-01-01 02:14:00,237.4673658651928,ICMP,194.134.33.31,30397,inbound,121.152.101.43,49928,CON,1,1,209,9629,15661,Normal,134,2,0,194.134.33.31/30397/inbound/121.152.101.43/49928,0.8801209346746477,65.95011463129022,74.93301435406698,40.54872956929274,46.07177033492823
135,2024-01-01 02:15:00,29.937331005345545,TCP,117.38.95.170,28549,outbound,15.235.104.50,48135,CON,2,0,271,24254,22332,Normal,135,2,0,117.38.95.170/28549/outbound/15.235.104.50/48135,9.052243165952596,745.9582818525955,82.4059040590406,810.1590617971007,89.49815498154982
136,2024-01-01 02:16:00,246.84690424666428,ICMP,171.205.130.173,63204,inbound,53.33.123.236,61611,REQ,1,1,933,32982,41053,Normal,136,4,0,171.205.130.173/63204/inbound/53.33.123.236/61611,3.779670653951934,166.3095598678336,44.0010718113612,133.6131806094777,35.350482315112544
137,2024-01-01 02:17:00,202.6691398451728,ICMP,160.42.227.80,40001,inbound,77.135.122.204,60345,CON,4,0,749,45017,74266,Normal,137,3,0,160.42.227.80/40001/inbound/77.135.122.204/60345,3.6956785851668963,366.43960721762977,99.15353805073431,222.1206446841898,60.10280373831776
138,2024-01-01 02:18:00,26.451112646489623,TCP,240.2.248.73,8139,inbound,228.69.229.223,39271,ACK,4,1,900,82588,11390,Normal,138,0,0,240.2.248.73/8139/inbound/228.69.229.223/39271,34.02503373027073,430.60570465309286,12.655555555555555,3122.2883174617764,91.76444444444445
139,2024-01-01 02:19:00,204.9557440248932,UDP,117.62.110.39,64889,outbound,21.107.107.240,44226,CON,1,2,406,15801,74734,Normal,139,3,0,117.62.110.39/64889/outbound/21.107.107.240/44226,1.980915450462753,364.6348159479886,184.07389162561577,77.09469219892108,38.91871921182266
140,2024-01-01 02:20:00,174.19773107524338,TCP,18.66.102.189,32131,outbound,251.134.89.78,57612,CON,1,2,721,75381,18215,Normal,140,1,0,18.66.102.189/32131/outbound/251.134.89.78/57612,4.138974690138585,104.56508180426397,25.263522884882107,432.73238712529354,104.5506241331484
141,2024-01-01 02:21:00,178.40557533339893,TCP,138.179.200.45,31510,outbound,184.176.41.150,4114,ACK,4,0,278,89971,18310,Normal,141,2,0,138.179.200.45/31510/outbound/184.176.41.150/4114,1.5582472659864022,102.63132172737778,65.86330935251799,504.30598837432586,323.636690647482
142,2024-01-01 02:22:00,87.33009414539659,TCP,55.173.74.187,14092,outbound,52.101.104.78,40289,FIN,1,3,977,68325,54565,Normal,142,2,0,55.173.74.187/14092/outbound/52.101.104.78/40289,11.18743784214162,624.8132506207343,55.849539406345954,782.3763465346224,69.93346980552712
143,2024-01-01 02:23:00,80.02251028385228,ICMP,97.227.25.154,19664,inbound,112.180.103.15,60255,FIN,0,0,206,52592,30530,Normal,143,3,0,97.227.25.154/19664/inbound/112.180.103.15/60255,2.574275654053915,381.5176491177963,148.20388349514562,657.215073776716,255.3009708737864
144,2024-01-01 02:24:00,228.7842801050006,TCP,166.21.25.213,33182,inbound,96.36.145.147,22576,ACK,0,1,590,3088,52577,Normal,144,0,0,166.21.25.213/33182/inbound/96.36.145.147/22576,2.5788485106110413,229.81036973287578,89.1135593220339,13.497430848757448,5.233898305084746
145,2024-01-01 02:25:00,77.11836295706999,TCP,197.162.193.226,62479,outbound,46.1.118.86,30159,CON,3,4,913,36019,59839,Normal,145,2,0,197.162.193.226/62479/outbound/46.1.118.86/30159,11.838944253889906,775.9371141385741,65.54107338444688,467.0612629582262,39.45125958378971
146,2024-01-01 02:26:00,133.93404931778858,TCP,73.114.50.112,37160,outbound,94.190.2.173,15715,REQ,0,2,328,48526,51952,Normal,146,3,0,73.114.50.112/37160/outbound/94.190.2.173/15715,2.4489665000850263,387.8924012573698,158.390243902439,362.31264750953045,147.9451219512195
147,2024-01-01 02:27:00,208.46722067977552,UDP,146.170.11.2,63449,outbound,253.230.110.176,40785,ACK,1,4,610,52267,32241,Normal,147,0,0,146.170.11.2/63449/outbound/253.230.110.176/40785,2.9261195021974946,154.65740798417937,52.85409836065574,250.72047216615812,85.68360655737705
148,2024-01-01 02:28:00,23.976913773098588,UDP,210.119.229.134,57563,outbound,1.104.21.220,34765,REQ,1,2,858,9113,59538,Normal,148,3,0,210.119.229.134/57563/outbound/1.104.21.220/34765,35.784421970214176,2483.13859587717,69.39160839160839,380.07393638060813,10.621212121212121
149,2024-01-01 02:29:00,178.405059945236,UDP,225.133.81.44,17152,inbound,142.239.219.212,22685,FIN,2,1,877,39213,75132,Normal,149,0,0,225.133.81.44/17152/inbound/142.239.219.212/22685,4.915779856631913,421.13155323656656,85.66932725199544,219.7975775577049,44.71265678449259
150,2024-01-01 02:30:00,176.85397415717034,UDP,127.85.114.166,25966,outbound,173.223.133.245,42049,ACK,0,2,862,3674,36094,Normal,150,4,0,127.85.114.166/25966/outbound/173.223.133.245/42049,4.874077634432685,204.08927858145398,41.872389791183295,20.774200961607523,4.262180974477959
151,2024-01-01 02:31:00,205.3001903953188,ICMP,179.8.226.150,3851,outbound,65.20.248.3,7116,REQ,4,0,982,98116,49650,Normal,151,0,0,179.8.226.150/3851/outbound/65.20.248.3/7116,4.783239597143556,241.84098370486512,50.56008146639511,477.91480276307243,99.91446028513238
152,2024-01-01 02:32:00,111.041435782167,ICMP,12.115.87.61,59620,inbound,131.112.29.30,36698,CON,4,4,336,7938,48826,Normal,152,1,0,12.115.87.61/59620/inbound/131.112.29.30/36698,3.0258974736164284,439.7097322821302,145.3154761904762,71.48682781418812,23.625
153,2024-01-01 02:33:00,134.7490342417455,TCP,242.103.72.76,17014,outbound,162.210.19.214,1594,ACK,3,4,606,93999,12886,Normal,153,4,0,242.103.72.76/17014/outbound/162.210.19.214/1594,4.497249300598401,95.62962786717986,21.264026402640265,697.5857046319293,155.1138613861386
154,2024-01-01 02:34:00,99.0577972520136,ICMP,40.181.233.208,36279,inbound,54.250.231.125,13108,REQ,2,1,592,31468,74575,Normal,154,3,0,40.181.233.208/36279/inbound/54.250.231.125/13108,5.976308947127997,752.843310358227,125.97128378378379,317.67312491254023,53.1554054054054
155,2024-01-01 02:35:00,242.46965733191385,UDP,135.16.118.125,63153,outbound,153.14.165.150,1331,ACK,4,4,38,32328,52698,Normal,155,4,0,135.16.118.125/63153/outbound/153.14.165.150/1331,0.15672064050464776,217.33853456089284,1386.7894736842106,133.32802279563822,850.7368421052631
156,2024-01-01 02:36:00,39.270166934836126,TCP,178.23.1.226,21011,inbound,180.193.184.56,61776,ACK,3,1,920,49811,13790,Normal,156,4,0,178.23.1.226/21011/inbound/180.193.184.56/61776,23.427453250367478,351.15715252452986,14.98913043478261,1268.4183411457113,54.142391304347825
157,2024-01-01 02:37:00,288.88989067724145,TCP,253.91.210.160,53697,outbound,79.179.235.162,4766,FIN,0,3,228,46197,13152,Normal,157,3,0,253.91.210.160/53697/outbound/79.179.235.162/4766,0.7892280324019025,45.52599597434133,57.68421052631579,159.91213777574865,202.6184210526316
158,2024-01-01 02:38:00,190.48736317816727,UDP,149.116.201.52,47139,outbound,202.13.90.245,42766,FIN,2,0,483,55873,51384,Normal,158,3,0,149.116.201.52/47139/outbound/202.13.90.245/42766,2.5356012700340593,269.75017734871653,106.38509316770187,293.316045053029,115.67908902691511
159,2024-01-01 02:39:00,266.0833266452136,UDP,46.44.8.229,63310,outbound,254.13.98.32,29816,CON,2,2,134,28739,30305,Normal,159,1,0,46.44.8.229/63310/outbound/254.13.98.32/29816,0.5036016412207256,113.89289356114992,226.15671641791045,108.00751915703307,214.47014925373134
160,2024-01-01 02:40:00,127.9268143336028,UDP,6.50.244.233,21925,outbound,180.0.33.18,1789,FIN,1,2,708,14923,25271,Normal,160,3,0,6.50.244.233/21925/outbound/180.0.33.18/1789,5.534414373469067,197.54263507335705,35.693502824858754,116.65263516282329,21.077683615819208
161,2024-01-01 02:41:00,99.75049321055978,ICMP,119.34.81.180,17301,outbound,152.233.3.163,61843,FIN,0,2,978,23610,63315,Normal,161,2,0,119.34.81.180/17301/outbound/152.233.3.163/61843,9.804462800355026,634.7337036855608,64.73926380368098,236.69055901470568,24.141104294478527
162,2024-01-01 02:42:00,270.22767045618264,TCP,147.196.24.138,2667,inbound,77.57.159.136,42756,FIN,2,3,390,38433,769,Normal,162,2,0,147.196.24.138/2667/inbound/77.57.159.136/42756,1.4432274805227188,2.84574854492813,1.971794871794872,142.22451733058884,98.54615384615384
163,2024-01-01 02:43:00,29.752021360003205,UDP,202.16.35.217,51388,outbound,103.207.241.66,25222,REQ,3,0,794,4535,23190,Normal,163,1,0,202.16.35.217/51388/outbound/103.207.241.66/25222,26.687262367571602,779.4428391737852,29.20654911838791,152.42661818254058,5.711586901763225
164,2024-01-01 02:44:00,35.22045872843281,TCP,223.95.20.17,24753,inbound,116.147.201.119,62225,ACK,4,4,613,38518,55829,Normal,164,0,0,223.95.20.17/24753/inbound/116.147.201.119/62225,17.404656899177088,1585.129836907272,91.07504078303425,1093.62573318516,62.8352365415987
165,2024-01-01 02:45:00,89.87409826775472,TCP,188.145.0.141,22111,inbound,250.189.185.21,8759,FIN,0,4,987,58055,1119,Normal,165,0,0,188.145.0.141/22111/inbound/250.189.185.21/8759,10.982029517108586,12.450750789913382,1.1337386018237081,645.9591931263819,58.81965552178318
166,2024-01-01 02:46:00,287.9365170317189,ICMP,136.193.50.78,22842,inbound,112.194.74.216,17226,REQ,0,0,425,59607,54764,Normal,166,2,0,136.193.50.78/22842/inbound/112.194.74.216/17226,1.4760197990211235,190.19470182021837,128.85647058823528,207.01438155353435,140.25176470588235
167,2024-01-01 02:47:00,189.9572760985456,TCP,188.161.35.61,1043,inbound,234.175.135.200,48223,ACK,2,0,587,51133,73335,Normal,167,3,0,188.161.35.61/1043/inbound/234.175.135.200/48223,3.090168547665831,386.06049479228915,124.93185689948892,269.1815815124309,87.10902896081771
168,2024-01-01 02:48:00,166.3026896149579,UDP,129.242.84.41,34467,outbound,143.31.180.66,12401,FIN,2,2,806,86189,12985,Normal,168,1,0,129.242.84.41/34467/outbound/143.31.180.66/12401,4.846584272726671,78.08051709845635,16.110421836228287,518.2658211935968,106.93424317617865
169,2024-01-01 02:49:00,211.63636527299064,UDP,1.223.211.53,54653,outbound,4.29.12.235,47066,FIN,2,4,510,73072,44085,Normal,169,0,0,1.223.211.53/54653/outbound/4.29.12.235/47066,2.4097937957975644,208.30541076026594,86.44117647058823,345.2714749931758,143.27843137254902
170,2024-01-01 02:50:00,125.30061936784205,TCP,175.99.38.157,50784,outbound,21.40.120.237,15321,ACK,3,0,720,47319,27987,Normal,170,0,0,175.99.38.157/50784/outbound/21.40.120.237/15321,5.746180694337297,223.3588320728027,38.87083333333333,377.6437837157591,65.72083333333333
171,2024-01-01 02:51:00,227.4462430760977,TCP,7.149.120.177,56462,outbound,19.230.47.85,9060,REQ,1,4,595,34577,18590,Normal,171,4,0,7.149.120.177/56462/outbound/19.230.47.85/9060,2.6160027615884967,81.73359888727757,31.243697478991596,152.02273527301756,58.11260504201681
172,2024-01-01 02:52:00,118.02988632206598,ICMP,45.73.119.71,50237,inbound,63.147.191.36,41388,REQ,2,0,427,89880,73530,Normal,172,2,0,45.73.119.71/50237/inbound/63.147.191.36/41388,3.6177277917124564,622.9778091911403,172.20140515222482,761.5020466489826,210.49180327868854
173,2024-01-01 02:53:00,247.9263191384537,UDP,219.137.141.45,10481,inbound,254.30.73.145,50715,CON,1,1,949,42821,48752,Normal,173,3,0,219.137.141.45/10481/inbound/254.30.73.145/50715,3.8277501287389897,196.63906667680004,51.37197049525817,172.7166367362827,45.122233930453106
174,2024-01-01 02:54:00,80.2617951147437,UDP,123.243.117.74,60653,inbound,107.102.109.19,25393,ACK,1,2,655,67328,78333,Normal,174,1,0,123.243.117.74/60653/inbound/107.102.109.19/25393,8.160794299001164,975.9687020208523,119.59236641221374,838.8548985696954,102.79083969465648
175,2024-01-01 02:55:00,83.33624312347746,TCP,6.20.189.224,34946,outbound,210.138.85.250,35841,CON,0,0,474,15623,76091,Normal,175,0,0,6.20.189.224/34946/outbound/210.138.85.250/35841,5.6878013962986635,913.0601182400034,160.5295358649789,187.46945403876376,32.959915611814345
176,2024-01-01 02:56:00,156.76275329747787,TCP,147.102.87.209,10844,outbound,44.81.63.121,53459,REQ,4,3,568,32426,77283,Normal,176,4,0,147.102.87.209/10844/outbound/44.81.63.121/53459,3.623309670519409,492.99338251188647,136.06161971830986,206.84760453567318,57.08802816901409
177,2024-01-01 02:57:00,129.28527139268434,TCP,99.243.61.106,33774,outbound,162.86.64.54,38467,FIN,4,0,361,42305,36957,Normal,177,2,0,99.243.61.106/33774/outbound/162.86.64.54/38467,2.7922747588433134,285.8562278741616,102.37396121883657,327.222115437303,117.18836565096953
178,2024-01-01 02:58:00,194.4699417009801,UDP,229.82.180.151,43610,outbound,74.116.128.255,2687,CON,3,1,952,225,15271,Normal,178,2,0,229.82.180.151/43610/outbound/74.116.128.255/2687,4.895358077824745,78.52627437653537,16.040966386554622,1.156991142343033,0.23634453781512604
179,2024-01-01 02:59:00,109.35079732660633,TCP,56.189.161.21,37508,inbound,166.230.240.136,40268,REQ,3,3,799,66835,54831,Normal,179,1,0,56.189.161.21/37508/inbound/166.230.240.136/40268,7.3067597085146625,501.4229556665425,68.62453066332917,611.1981040282571,83.64831038798498
180,2024-01-01 03:00:00,69.242139656203,ICMP,68.184.9.65,39034,outbound,95.198.144.98,59415,REQ,4,3,211,16475,7137,Normal,180,0,0,68.184.9.65/39034/outbound/95.198.144.98/59415,3.0472772945441147,103.07307133251823,33.824644549763036,237.93314420670276,78.08056872037915
181,2024-01-01 03:01:00,140.99558800858202,ICMP,8.224.122.37,55735,outbound,112.228.51.145,13052,FIN,4,0,953,2811,22839,Normal,181,1,0,8.224.122.37/55735/outbound/112.228.51.145/13052,6.759076744599934,161.98379199361793,23.965372507869883,19.93679404939183,2.9496327387198322
182,2024-01-01 03:02:00,168.33085419919414,TCP,235.122.61.155,38814,inbound,191.32.3.86,20847,ACK,0,1,179,32537,56073,Normal,182,1,0,235.122.61.155/38814/inbound/191.32.3.86/20847,1.0633819976234455,333.111836607483,313.25698324022346,193.29195562387736,181.7709497206704
183,2024-01-01 03:03:00,42.86575614352416,ICMP,138.44.64.225,23893,inbound,75.179.8.63,16101,REQ,0,3,920,28122,33450,Normal,183,4,0,138.44.64.225/23893/inbound/75.179.8.63/16101,21.462353234120815,780.3431692188493,36.358695652173914,656.0481496195061,30.567391304347826
184,2024-01-01 03:04:00,167.05991585737627,ICMP,67.136.132.105,51618,outbound,30.135.231.132,58873,CON,4,2,58,9282,2249,Normal,184,2,0,67.136.132.105/51618/outbound/30.135.231.132/58873,0.3471808285209255,13.462235919716578,38.775862068965516,55.560904316055705,160.0344827586207
185,2024-01-01 03:05:00,95.84508590384424,ICMP,138.139.81.57,35445,outbound,76.190.128.14,40935,FIN,2,2,73,93277,47366,Normal,185,3,0,138.139.81.57/35445/outbound/76.190.128.14/40935,0.7616457256164039,494.1933073910491,648.8493150684932,973.2058677852233,1277.7671232876712
186,2024-01-01 03:06:00,117.7963202720655,ICMP,149.148.192.130,3526,inbound,89.209.165.169,20655,ACK,2,4,215,95166,52112,Normal,186,2,0,149.148.192.130/3526/inbound/89.209.165.169/20655,1.8251843478932985,442.3907290112352,242.3813953488372,807.8860169842495,442.63255813953486
187,2024-01-01 03:07:00,83.86750690607803,ICMP,69.88.249.63,53445,outbound,128.173.180.25,53676,ACK,0,4,900,88248,71659,Normal,187,2,0,69.88.249.63/53445/outbound/128.173.180.25/53676,10.731212041487016,854.4310263121312,79.6211111111111,1052.2311113746068,98.05333333333333
188,2024-01-01 03:08:00,279.42995730513866,UDP,177.71.16.72,17689,inbound,61.254.231.122,2934,ACK,1,1,778,71631,16794,Normal,188,4,0,177.71.16.72/17689/inbound/61.254.231.122/2934,2.784239769791114,60.10092891243183,21.58611825192802,256.34688811042065,92.0706940874036
189,2024-01-01 03:09:00,205.0325507559361,TCP,160.69.112.231,63349,inbound,67.181.149.25,34524,REQ,4,3,959,41050,76145,Normal,189,3,0,160.69.112.231/63349/inbound/67.181.149.25/34524,4.677306098296371,371.38005511447045,79.40041710114703,200.21211192394787,42.80500521376434
190,2024-01-01 03:10:00,78.81184738906494,ICMP,21.134.6.110,26624,outbound,83.235.107.110,20921,ACK,3,2,73,13020,55567,Normal,190,0,0,21.134.6.110/26624/outbound/83.235.107.110/20921,0.9262566786390123,705.0589707114245,761.1917808219179,165.2035884367115,178.35616438356163
191,2024-01-01 03:11:00,193.54489723212984,TCP,231.245.26.7,30418,inbound,60.38.122.35,59939,REQ,2,2,467,22244,48915,Normal,191,3,0,231.245.26.7/30418/inbound/60.38.122.35/59939,2.4128768398368017,252.73205700346287,104.74304068522484,114.92940562169126,47.63169164882227
192,2024-01-01 03:12:00,254.5868656336556,ICMP,201.27.206.193,15110,outbound,21.168.117.47,38401,FIN,1,1,271,84518,73987,Normal,192,0,0,201.27.206.193/15110/outbound/21.168.117.47/38401,1.0644696823832323,290.61593502025164,273.01476014760146,331.98099120171963,311.87453874538744
193,2024-01-01 03:13:00,120.5488994789973,UDP,199.46.209.85,37195,outbound,26.190.204.35,12158,FIN,2,3,499,2665,77245,Normal,193,3,0,199.46.209.85/37195/outbound/26.190.204.35/12158,4.1393990501500895,640.7773138854582,154.7995991983968,22.107211360020017,5.340681362725451
194,2024-01-01 03:14:00,249.00425699593904,UDP,242.9.245.113,35027,outbound,152.127.232.217,38248,ACK,1,1,354,89009,13944,Normal,194,1,0,242.9.245.113/35027/outbound/152.127.232.217/38248,1.4216624417219232,55.99904261969067,39.389830508474574,357.4597521899058,251.43785310734464
195,2024-01-01 03:15:00,46.40904180756371,ICMP,33.134.130.13,62550,outbound,149.145.14.78,27921,FIN,4,0,234,54042,29210,Normal,195,3,0,33.134.130.13/62550/outbound/149.145.14.78/27921,5.042120907608631,629.4032124412312,124.82905982905983,1164.4713593546394,230.94871794871796
196,2024-01-01 03:16:00,246.85213132336375,ICMP,172.45.60.163,54936,inbound,134.170.158.27,48304,CON,4,2,319,70660,53145,Normal,196,4,0,172.45.60.163/54936/inbound/134.170.158.27/48304,1.2922716052312557,215.29082902826045,166.59874608150471,286.24423707097344,221.50470219435738
197,2024-01-01 03:17:00,162.13424337744266,ICMP,13.15.207.245,14173,outbound,136.156.148.208,37127,CON,4,1,19,24791,29322,Normal,197,0,0,13.15.207.245/14173/outbound/136.156.148.208/37127,0.11718684223769242,180.85013621545355,1543.2631578947369,152.90415820603332,1304.7894736842106
198,2024-01-01 03:18:00,66.97004895419362,UDP,133.243.216.37,31418,outbound,120.248.240.87,49337,REQ,0,1,625,33899,54071,Normal,198,2,0,133.243.216.37/31418/outbound/120.248.240.87/49337,9.332530134888948,807.3907790777286,86.5136,506.1815024681607,54.2384
199,2024-01-01 03:19:00,122.20170122831782,UDP,230.177.37.102,15420,inbound,186.187.177.227,46606,ACK,1,0,575,66877,33695,Normal,199,4,0,230.177.37.102/15420/inbound/186.187.177.227/46606,4.705335475859604,275.7326588853728,58.6,547.2673402070657,116.30782608695652
200,2024-01-01 03:20:00,296.3990984347404,TCP,56.62.253.119,24348,outbound,253.30.46.33,58344,REQ,3,4,372,34610,21229,Normal,200,0,0,56.62.253.119/24348/outbound/253.30.46.33/58344,1.255064546297549,71.62302487459857,57.06720430107527,116.7682364176295,93.03763440860214
201,2024-01-01 03:21:00,235.0884493910636,UDP,48.104.217.58,48222,outbound,2.105.194.93,8080,FIN,3,2,184,88019,10741,Normal,201,0,0,48.104.217.58/48222/outbound/2.105.194.93/8080,0.7826841364456861,45.68918646501693,58.375,374.4080163359394,478.3641304347826
202,2024-01-01 03:22:00,172.56839977939606,ICMP,77.171.242.217,18193,outbound,72.51.134.203,29974,ACK,4,1,277,77466,45361,Normal,202,2,0,77.171.242.217/18193/outbound/72.51.134.203/29974,1.6051606224204706,262.85809022965697,163.75812274368232,448.90026273077325,279.6606498194946
203,2024-01-01 03:23:00,34.63765718016722,TCP,127.54.54.128,47656,outbound,250.146.89.91,3777,REQ,3,2,674,29075,39088,Normal,203,1,0,127.54.54.128/47656/outbound/250.146.89.91/3777,19.458590876807857,1128.4827896033614,57.99406528189911,839.4043467999829,43.137982195845694
204,2024-01-01 03:24:00,125.4016937121599,UDP,136.126.131.84,49298,inbound,254.142.77.175,32965,ACK,2,4,755,53342,25017,Normal,204,4,0,136.126.131.84/49298/inbound/254.142.77.175/32965,6.020652334513002,199.4949131821348,33.13509933774834,425.3690554007849,70.65165562913907
205,2024-01-01 03:25:00,78.98914905217998,UDP,254.213.114.180,45301,inbound,125.250.141.130,35164,ACK,1,1,145,46646,28528,Normal,205,2,0,254.213.114.180/45301/inbound/125.250.141.130/35164,1.8356951776276695,361.1635312231873,196.7448275862069,590.5368086594501,321.6965517241379
206,2024-01-01 03:26:00,21.393223743666532,ICMP,58.36.48.66,27267,outbound,50.92.123.53,15258,REQ,1,0,658,92187,55825,Normal,206,2,0,58.36.48.66/27267/outbound/50.92.123.53/15258,30.75740280586749,2609.471142306311,84.84042553191489,4309.168225629949,140.1018237082067
207,2024-01-01 03:27:00,162.70709617692253,TCP,19.128.28.86,61376,inbound,134.176.150.219,10660,ACK,1,2,81,23367,70674,Normal,207,1,0,19.128.28.86/61376/inbound/134.176.150.219/10660,0.49782708869638465,434.3633539077566,872.5185185185185,143.61389606874593,288.48148148148147
208,2024-01-01 03:28:00,266.7667913822788,UDP,33.118.179.168,32040,inbound,78.77.19.204,4400,FIN,2,0,322,78011,40382,Normal,208,4,0,33.118.179.168/32040/inbound/78.77.19.204/4400,1.207046792936725,151.37566333034417,125.40993788819875,292.43145144033184,242.27018633540374
209,2024-01-01 03:29:00,202.7124004654201,UDP,151.132.70.184,4218,inbound,91.187.98.172,31807,CON,0,4,435,87149,7116,Normal,209,2,0,151.132.70.184/4218/inbound/91.187.98.172/31807,2.1458973353443414,35.10392054783984,16.358620689655172,429.91449856994024,200.3425287356322
210,2024-01-01 03:30:00,74.97914835535529,ICMP,250.133.176.21,33422,inbound,189.55.1.104,42273,CON,2,4,833,70039,39363,Normal,210,1,0,250.133.176.21/33422/inbound/189.55.1.104/42273,11.109755422295404,524.9859576084202,47.25450180072029,934.113037241474,84.08043217286915
211,2024-01-01 03:31:00,172.11802362544134,TCP,241.76.203.3,5813,outbound,173.167.111.23,44049,ACK,1,2,43,4997,67907,Normal,211,4,0,241.76.203.3/5813/outbound/173.167.111.23/44049,0.2498285716641475,394.5374143255177,1579.2325581395348,29.032404014087092,116.20930232558139
212,2024-01-01 03:32:00,282.975961575756,TCP,254.71.191.164,21183,inbound,157.194.108.67,17471,CON,1,4,313,263,45950,Normal,212,3,0,254.71.191.164/21183/inbound/157.194.108.67/17471,1.106101020938509,162.3812840642955,146.80511182108626,0.929407567114466,0.8402555910543131
213,2024-01-01 03:33:00,216.9022243715883,TCP,159.164.127.44,44430,outbound,114.193.83.181,21353,ACK,1,3,906,52640,41148,Normal,213,0,0,159.164.127.44/44430/outbound/114.193.83.181/21353,4.176997274347342,189.70759806274222,45.41721854304636,242.68999616075507,58.10154525386314
214,2024-01-01 03:34:00,206.87322243208848,TCP,218.234.135.167,62158,outbound,181.206.48.31,17737,REQ,3,2,293,83015,8344,Normal,214,1,0,218.234.135.167/62158/outbound/181.206.48.31/17737,1.4163263691422647,40.3338813110002,28.477815699658702,401.2844147929867,283.32764505119457
215,2024-01-01 03:35:00,290.4506340516321,ICMP,225.236.92.4,65457,inbound,61.169.128.190,64357,FIN,0,3,688,30130,62630,Normal,215,0,0,225.236.92.4/65457/inbound/61.169.128.190/64357,2.3687329939782376,215.63044682101312,91.03197674418605,103.73535626244811,43.79360465116279
216,2024-01-01 03:36:00,239.68210602408905,UDP,156.244.103.80,6374,outbound,102.34.50.198,5882,CON,2,4,888,55413,38151,Normal,216,3,0,156.244.103.80/6374/outbound/102.34.50.198/5882,3.704907365553406,159.17333435048198,42.96283783783784,231.19372955789515,62.402027027027025
217,2024-01-01 03:37:00,41.073400575315766,UDP,247.86.236.136,34325,inbound,45.76.112.64,52139,REQ,1,2,69,29970,25109,Normal,217,2,0,247.86.236.136/34325/inbound/45.76.112.64/52139,1.6799193403398773,611.3202132839707,363.8985507246377,729.6693134780597,434.3478260869565
218,2024-01-01 03:38:00,104.35576258416278,TCP,130.62.223.50,26001,outbound,14.92.249.130,20496,FIN,4,3,56,29582,40676,Normal,218,2,0,130.62.223.50/26001/outbound/14.92.249.130/20496,0.5366258519249101,389.78202058745785,726.3571428571429,283.4726062793337,528.25
219,2024-01-01 03:39:00,289.54569615123205,TCP,116.112.30.6,37455,outbound,238.23.64.175,60858,CON,0,4,631,31158,20753,Normal,219,4,0,116.112.30.6/37455/outbound/238.23.64.175/60858,2.1792760465361005,71.67435149566354,32.88906497622821,107.60995730264948,49.378763866877975
220,2024-01-01 03:40:00,146.96264771997954,TCP,158.185.2.50,1153,inbound,138.12.227.200,17548,CON,4,1,204,57355,61467,Normal,220,1,0,158.185.2.50/1153/inbound/138.12.227.200/17548,1.3881078162711016,418.2491330526265,301.30882352941177,390.26923432465213,281.1519607843137
221,2024-01-01 03:41:00,33.58006985182349,UDP,243.55.72.9,60707,outbound,142.99.137.167,47411,FIN,0,1,420,92507,59278,Normal,221,1,0,243.55.72.9/60707/outbound/142.99.137.167/47411,12.507418890231786,1765.2732785122853,141.13809523809525,2754.8185697111235,220.2547619047619
222,2024-01-01 03:42:00,137.6356034137353,UDP,61.237.49.121,46355,inbound,151.98.54.62,5563,REQ,1,0,927,65030,3255,Normal,222,4,0,61.237.49.121/46355/inbound/151.98.54.62/5563,6.735175906581525,23.6494040732717,3.511326860841424,472.47949213052493,70.15102481121899
223,2024-01-01 03:43:00,209.12827089783312,TCP,175.217.0.221,53135,outbound,71.169.98.65,65007,REQ,0,1,567,50600,34979,Normal,223,0,0,175.217.0.221/53135/outbound/71.169.98.65/65007,2.711254664736364,167.26098221836554,61.69135802469136,241.9567654949912,89.24162257495591
224,2024-01-01 03:44:00,299.2647116822042,ICMP,185.37.189.78,35650,outbound,79.72.46.80,19881,CON,0,3,550,26479,33461,Normal,224,2,0,185.37.189.78/35650/outbound/79.72.46.80/19881,1.8378378022199193,111.81071036378313,60.838181818181816,88.48019484542044,48.14363636363636
225,2024-01-01 03:45:00,97.23920443730422,UDP,89.197.81.192,49527,inbound,126.230.51.145,39386,FIN,1,1,243,67887,11678,Normal,225,2,0,89.197.81.192/49527/inbound/126.230.51.145/39386,2.498992061958675,120.09559382532265,48.05761316872428,698.1443379020105,279.3703703703704
226,2024-01-01 03:46:00,154.27465377629417,UDP,190.183.66.16,28573,inbound,207.145.151.22,37695,REQ,4,2,201,23774,70139,Normal,226,1,0,190.183.66.16/28573/inbound/207.145.151.22/37695,1.3028711786413074,454.6372218841923,348.9502487562189,154.10178806476836,118.27860696517413
227,2024-01-01 03:47:00,263.9162433244732,TCP,127.111.135.59,13366,inbound,140.150.20.253,6388,FIN,4,2,748,6690,6568,Normal,227,1,0,127.111.135.59/13366/inbound/140.150.20.253/6388,2.834232522324772,24.88668343132233,8.780748663101605,25.348951302610594,8.943850267379679
228,2024-01-01 03:48:00,106.6446386953943,ICMP,241.39.208.88,37441,outbound,64.217.71.221,1473,FIN,3,2,474,31532,38541,Normal,228,4,0,241.39.208.88/37441/outbound/64.217.71.221/1473,4.4446678782781674,361.39650779898494,81.31012658227849,295.6735602064709,66.52320675105486
229,2024-01-01 03:49:00,32.867540821598084,TCP,190.40.139.220,12002,inbound,162.129.68.158,60193,CON,4,1,527,40526,7996,Normal,229,3,0,190.40.139.220/12002/inbound/162.129.68.158/60193,16.034056300728622,243.2795335495751,15.172675521821631,1233.00980197975,76.89943074003796
230,2024-01-01 03:50:00,284.68586891295104,TCP,217.114.99.116,53273,inbound,225.245.67.197,21854,FIN,4,1,656,49684,660,Normal,230,0,0,217.114.99.116/53273/inbound/225.245.67.197/21854,2.3042942120902614,2.3183447865542264,1.0060975609756098,174.5221854169094,75.73780487804878
231,2024-01-01 03:51:00,146.58339793337865,ICMP,182.88.92.138,53688,inbound,215.236.146.127,22102,FIN,0,0,77,87763,69888,Normal,231,3,0,182.88.92.138/53688/inbound/215.236.146.127/22102,0.5252982335352607,476.7797785105494,907.6363636363636,598.7240112955207,1139.7792207792209
232,2024-01-01 03:52:00,150.8848348605143,ICMP,60.67.77.45,38652,inbound,107.108.71.102,38598,ACK,3,4,985,38115,34361,Normal,232,3,0,60.67.77.45/38652/inbound/107.108.71.102/38598,6.528157723144176,227.7299771826975,34.884263959390864,252.6098798148632,38.69543147208122
233,2024-01-01 03:53:00,186.3979233667942,ICMP,38.188.16.65,43204,outbound,141.64.133.198,1893,FIN,1,0,478,73351,41926,Normal,233,1,0,38.188.16.65/43204/outbound/141.64.133.198/1893,2.5644062517766932,224.92739856064776,87.7112970711297,393.51833258174105,153.4539748953975
234,2024-01-01 03:54:00,1.1606334485970593,UDP,200.35.73.6,9857,outbound,112.253.154.78,39871,REQ,1,3,821,69453,50383,Normal,234,1,0,200.35.73.6/9857/outbound/112.253.154.78/39871,707.3723413644518,43409.91556024991,61.36784409257004,59840.598324951614,84.59561510353228
235,2024-01-01 03:55:00,279.34623955309786,TCP,228.15.13.79,61682,outbound,180.125.225.255,63648,CON,2,2,440,95129,51348,Normal,235,1,0,228.15.13.79/61682/outbound/180.125.225.255/63648,1.5751062219556573,183.81489610222522,116.7,340.5415449736812,216.2022727272727
236,2024-01-01 03:56:00,108.49918032388504,UDP,25.104.3.156,47927,outbound,250.120.255.86,41099,CON,3,1,263,83090,41861,Normal,236,3,0,25.104.3.156/47927/outbound/250.120.255.86/41099,2.4239814458958002,385.8185829149965,159.16730038022814,765.812237032251,315.93155893536124
237,2024-01-01 03:57:00,119.13986552906614,ICMP,127.55.5.128,34515,outbound,48.240.87.206,29164,FIN,0,4,185,4700,70122,Normal,237,0,0,127.55.5.128/34515/outbound/48.240.87.206/29164,1.5527967836665568,588.5687354825205,379.03783783783786,39.44943180125847,25.405405405405407
238,2024-01-01 03:58:00,52.31536333521717,UDP,255.166.128.114,63677,outbound,227.67.171.100,4683,FIN,2,4,55,24790,43024,Normal,238,1,0,255.166.128.114/63677/outbound/227.67.171.100/4683,1.0513164105844146,822.3970408906155,782.2545454545455,473.85697851613884,450.72727272727275
239,2024-01-01 03:59:00,113.50766882640906,ICMP,232.190.56.194,30497,inbound,17.222.37.137,37394,REQ,2,1,308,33862,19906,Normal,239,2,0,232.190.56.194/30497/inbound/17.222.37.137/37394,2.7134730471034016,175.37141063519584,64.62987012987013,298.3234555877123,109.94155844155844
240,2024-01-01 04:00:00,241.202664879738,ICMP,65.64.102.20,1761,outbound,54.241.218.233,42376,ACK,1,0,516,37599,44880,Normal,240,0,0,65.64.102.20/1761/outbound/54.241.218.233/42376,2.1392798469174212,186.0675959877013,86.97674418604652,155.8813623338142,72.86627906976744
241,2024-01-01 04:01:00,240.01750259940488,TCP,237.157.223.32,30453,inbound,134.247.133.51,59209,CON,4,4,299,88088,45873,Normal,241,2,0,237.157.223.32/30453/inbound/134.247.133.51/59209,1.2457424844513876,191.12356183691807,153.42140468227424,367.0065684627218,294.60869565217394
242,2024-01-01 04:02:00,280.7454725845463,TCP,176.21.221.181,47671,inbound,15.67.184.111,52624,ACK,0,0,552,7770,74447,Normal,242,0,0,176.21.221.181/47671/inbound/15.67.184.111/52624,1.9661937730225216,265.1761373554487,134.8677536231884,27.676314522436584,14.076086956521738
243,2024-01-01 04:03:00,121.02851885697063,TCP,110.3.214.182,65078,inbound,246.183.103.6,15409,REQ,3,1,230,86787,67128,Normal,243,1,0,110.3.214.182/65078/inbound/246.183.103.6/15409,1.9003785402993316,554.6461332748415,291.8608695652174,717.0789233780787,377.33478260869566
244,2024-01-01 04:04:00,212.6455789742004,UDP,172.216.139.208,2323,inbound,51.57.240.244,44775,CON,2,0,377,17441,68001,Normal,244,4,0,172.216.139.208/2323/inbound/51.57.240.244/44775,1.7729030710097209,319.7856279356287,180.3740053050398,82.01910467236218,46.262599469496024
245,2024-01-01 04:05:00,152.22054280674635,TCP,245.206.73.226,64305,outbound,192.108.110.153,63782,REQ,0,2,286,95240,12955,Normal,245,1,0,245.206.73.226/64305/outbound/192.108.110.153/63782,1.8788528455262123,85.10677836990239,45.2972027972028,625.6711363913163,333.006993006993
246,2024-01-01 04:06:00,241.22643457678737,ICMP,119.243.179.92,53656,outbound,186.30.193.91,57768,FIN,1,1,138,73923,21651,Normal,246,3,0,119.243.179.92/53656/outbound/186.30.193.91/57768,0.5720766061236615,89.7538449216188,156.8913043478261,306.44651416289446,535.6739130434783
247,2024-01-01 04:07:00,213.79134853898572,TCP,204.64.64.9,1363,outbound,106.12.145.221,20361,REQ,2,1,478,84174,41005,Normal,247,3,0,204.64.64.9/1363/outbound/106.12.145.221/20361,2.2358248042615942,191.79915501829848,85.78451882845188,393.7203286065176,176.09623430962344
248,2024-01-01 04:08:00,110.43408729335404,UDP,146.46.65.48,33944,inbound,119.202.140.114,6155,FIN,2,4,615,17115,72229,Normal,248,0,0,146.46.65.48/33944/inbound/119.202.140.114/6155,5.568932700700746,654.0462439657141,117.44552845528456,154.97932223169636,27.829268292682926
249,2024-01-01 04:09:00,101.06848289268235,TCP,200.21.85.25,55860,outbound,253.151.56.125,2382,ACK,1,4,7,65226,48485,Normal,249,3,0,200.21.85.25/55860/outbound/253.151.56.125/2382,0.06925996907891471,479.7242286844542,6926.428571428572,645.3643918773272,9318.0
250,2024-01-01 04:10:00,75.80749466208746,TCP,218.136.148.94,43405,outbound,157.183.53.132,59358,CON,1,4,676,55297,24094,Normal,250,1,0,218.136.148.94/43405/outbound/157.183.53.132/59358,8.917324111729,317.8313715207079,35.642011834319526,729.4397506010038,81.80029585798816
251,2024-01-01 04:11:00,172.99708556754246,TCP,244.190.106.133,47547,outbound,163.18.182.76,26638,CON,1,2,419,49949,11296,Normal,251,2,0,244.190.106.133/47547/outbound/163.18.182.76/26638,2.422006120076582,65.2958976906565,26.95942720763723,288.7274073787714,119.21002386634845
252,2024-01-01 04:12:00,289.1564711929985,UDP,248.13.160.70,49774,outbound,69.43.205.37,58395,ACK,0,2,472,15952,2508,Normal,252,1,0,248.13.160.70/49774/outbound/69.43.205.37/58395,1.6323342100995621,8.67350465874937,5.313559322033898,55.16736296505978,33.79661016949152
253,2024-01-01 04:13:00,60.10001461150804,ICMP,152.200.74.119,20459,outbound,62.21.72.240,17795,FIN,0,3,935,55461,58557,Normal,253,0,0,152.200.74.119/20459/outbound/62.21.72.240/17795,15.557400543808933,974.3258862500746,62.62780748663101,922.8117556793446,59.316577540106955
254,2024-01-01 04:14:00,28.66621122580713,ICMP,215.111.50.129,34218,outbound,168.153.236.124,14627,CON,0,1,420,21358,6078,Normal,254,3,0,215.111.50.129/34218/outbound/168.153.236.124/14627,14.651395564332182,212.02662438097857,14.471428571428572,745.0583487214446,50.852380952380955
255,2024-01-01 04:15:00,35.908252558686456,ICMP,143.162.35.243,57322,inbound,5.220.53.85,17270,REQ,4,4,877,62455,51951,Normal,255,2,0,143.162.35.243/57322/inbound/5.220.53.85/17270,24.423355009177342,1446.770485840105,59.23717217787913,1739.2937709215175,71.21436716077537
256,2024-01-01 04:16:00,234.95129300741996,TCP,118.219.166.235,25533,inbound,177.2.219.37,18240,FIN,2,1,276,41608,6356,Normal,256,4,0,118.219.166.235/25533/inbound/177.2.219.37/18240,1.1747115602861726,27.052415497025045,23.028985507246375,177.0920239144459,150.7536231884058
257,2024-01-01 04:17:00,105.09643080494064,TCP,4.191.201.5,61926,outbound,142.174.141.234,42233,CON,0,0,561,67884,27728,Normal,257,2,0,4.191.201.5/61926/outbound/142.174.141.234/42233,5.337954825899065,263.833888435881,49.42602495543672,645.9210791467596,121.00534759358288
258,2024-01-01 04:18:00,67.38761162494467,UDP,185.157.245.109,56523,inbound,203.72.37.191,44011,REQ,4,2,608,71828,12413,Normal,258,2,0,185.157.245.109/56523/inbound/203.72.37.191/44011,9.022429870105954,184.20299667372566,20.41611842105263,1065.8932445887672,118.13815789473684
259,2024-01-01 04:19:00,105.91795110021263,ICMP,99.240.234.201,43119,inbound,239.171.124.69,43512,REQ,2,3,571,27510,14116,Normal,259,1,0,99.240.234.201/43119/inbound/239.171.124.69/43512,5.390965309173675,133.27297076058773,24.721541155866902,259.72934440519754,48.17863397548161
260,2024-01-01 04:20:00,193.63471076757355,TCP,122.252.116.95,52548,outbound,65.24.15.243,21601,CON,0,0,743,9995,63854,Normal,260,4,0,122.252.116.95/52548/outbound/65.24.15.243/21601,3.837121955328808,329.76525617169005,85.9407806191117,51.6178114986695,13.452220726783311
261,2024-01-01 04:21:00,164.08145873600228,TCP,234.233.66.119,58302,inbound,15.225.208.130,52014,ACK,1,1,689,72042,48594,Normal,261,0,0,234.233.66.119/58302/inbound/15.225.208.130/52014,4.199133804073266,296.15777659671454,70.52830188679245,439.06240567931246,104.56023222060958
262,2024-01-01 04:22:00,223.10246301571564,TCP,218.14.16.218,45313,outbound,195.36.208.182,43344,ACK,3,2,90,34024,239,Normal,262,0,0,218.14.16.218/45313/outbound/195.36.208.182/43344,0.40340209060650434,1.0712566628328282,2.6555555555555554,152.50391923106338,378.0444444444444
263,2024-01-01 04:23:00,101.7883371296847,UDP,18.114.146.75,51125,inbound,125.112.243.165,63526,CON,0,4,282,70931,11802,Normal,263,2,0,18.114.146.75/51125/inbound/125.112.243.165/63526,2.77045492589897,115.94648594134625,41.851063829787236,696.8480083295739,251.52836879432624
264,2024-01-01 04:24:00,135.66336918205914,ICMP,88.196.151.90,57871,outbound,191.0.70.217,12325,REQ,3,0,548,12364,7532,Normal,264,2,0,88.196.151.90/57871/outbound/191.0.70.217/12325,4.039410220341708,55.51977697009807,13.744525547445255,91.13735029982642,22.562043795620436
265,2024-01-01 04:25:00,30.68031385198076,UDP,48.157.14.174,65462,inbound,239.102.18.51,10539,ACK,0,2,171,28138,16729,Normal,265,3,0,48.157.14.174/65462/inbound/239.102.18.51/10539,5.573606607318329,545.2682159873001,97.83040935672514,917.1353375246966,164.54970760233917
266,2024-01-01 04:26:00,22.01028794523116,ICMP,123.229.126.171,2397,inbound,118.157.106.54,27826,ACK,1,1,638,9236,849,Normal,266,4,0,123.229.126.171/2397/inbound/118.157.106.54/27826,28.986444956447368,38.5728711097552,1.3307210031347962,419.6219523789152,14.476489028213166
267,2024-01-01 04:27:00,138.73034732894573,ICMP,98.154.83.191,64494,inbound,14.12.83.89,62048,ACK,3,1,995,13313,9984,Normal,267,2,0,98.154.83.191/64494/inbound/14.12.83.89/62048,7.172187046001836,71.96695021837421,10.034170854271357,95.96314185268588,13.379899497487438
268,2024-01-01 04:28:00,90.54882257303244,TCP,41.95.67.4,8106,inbound,27.88.136.40,1915,FIN,4,0,811,77708,57608,Normal,268,3,0,41.95.67.4/8106/inbound/27.88.136.40/1915,8.956494153702389,636.2092665924627,71.03329223181258,858.188961400623,95.81750924784217
269,2024-01-01 04:29:00,183.8788915836256,TCP,53.121.135.21,26556,outbound,48.11.137.5,22996,ACK,1,0,355,27531,59273,Normal,269,4,0,53.121.135.21/26556/outbound/48.11.137.5/22996,1.9306185551947972,322.34803837200343,166.9661971830986,149.723547726952,77.55211267605634
270,2024-01-01 04:30:00,12.996349416827115,TCP,106.6.149.45,43685,inbound,242.161.250.179,51481,CON,3,0,204,42390,41606,Normal,270,0,0,106.6.149.45/43685/inbound/242.161.250.179/51481,15.696715551204676,3201.3605256050087,203.95098039215685,3261.685157919442,207.7941176470588
271,2024-01-01 04:31:00,36.61773664210967,TCP,30.125.100.143,61309,outbound,41.210.5.129,48877,CON,3,3,289,67639,9959,Normal,271,3,0,30.125.100.143/61309/outbound/41.210.5.129/48877,7.8923501696622,271.97202539676766,34.46020761245675,1847.164958912739,234.04498269896195
272,2024-01-01 04:32:00,259.5707242508079,TCP,79.132.66.22,19890,outbound,15.144.15.155,55459,FIN,1,4,868,85635,43608,Normal,272,4,0,79.132.66.22/19890/outbound/15.144.15.155/55459,3.3439826563850192,168.00045585211743,50.23963133640553,329.91008615153356,98.65783410138249
273,2024-01-01 04:33:00,169.93685529357944,ICMP,189.73.4.150,8617,inbound,85.199.9.137,21956,FIN,1,2,462,96915,79432,Normal,273,3,0,189.73.4.150/8617/inbound/85.199.9.137/21956,2.7186568752367357,467.4206773026069,171.93073593073592,570.3000672371606,209.77272727272728
274,2024-01-01 04:34:00,213.645154653999,TCP,207.81.24.7,10519,inbound,242.137.200.155,5216,CON,1,1,609,42847,28063,Normal,274,2,0,207.81.24.7/10519/inbound/242.137.200.155/5216,2.8505210005173445,131.35331828820728,46.08045977011494,200.55217292145593,70.35632183908046
275,2024-01-01 04:35:00,252.607438400318,TCP,223.148.1.21,50546,outbound,152.18.224.67,17152,FIN,2,1,750,76074,22925,Normal,275,1,0,223.148.1.21/50546/outbound/152.18.224.67/17152,2.969033709971131,90.75346373478423,30.566666666666666,301.15502726979173,101.432
276,2024-01-01 04:36:00,139.20391945072063,UDP,72.86.223.71,8861,inbound,184.194.41.139,23860,ACK,4,4,173,79863,11458,Normal,276,0,0,72.86.223.71/8861/inbound/184.194.41.139/23860,1.2427810989994679,82.31090076494742,66.23121387283237,573.7122942739567,461.63583815028903
277,2024-01-01 04:37:00,228.34200915184607,UDP,68.63.93.18,12196,outbound,146.150.83.133,25861,REQ,0,0,301,69308,35657,Normal,277,2,0,68.63.93.18/12196/outbound/146.150.83.133/25861,1.31819808855162,156.15611044347213,118.46179401993355,303.5271532270288,230.25913621262458
278,2024-01-01 04:38:00,157.42321516414992,ICMP,128.86.81.253,19704,inbound,53.97.41.193,52516,REQ,3,0,600,73094,61734,Normal,278,2,0,128.86.81.253/19704/inbound/53.97.41.193/52516,3.8113819449968798,392.15308832072895,102.89,464.3152531460032,121.82333333333334
279,2024-01-01 04:39:00,66.90235620508378,ICMP,181.220.86.96,57210,outbound,30.8.218.169,51969,REQ,0,1,911,84175,36331,Normal,279,4,0,181.220.86.96/57210/outbound/30.8.218.169/51969,13.616859729235887,543.0451490920626,39.880351262349066,1258.1769129620536,92.39846322722283
280,2024-01-01 04:40:00,101.36308502340177,UDP,52.174.81.181,56500,inbound,34.167.87.240,60664,CON,1,4,863,69115,27376,Normal,280,3,0,52.174.81.181/56500/inbound/34.167.87.240/60664,8.513947654619614,270.0785990647353,31.721900347624565,681.8557267080355,80.08690614136732
281,2024-01-01 04:41:00,147.15609727259266,UDP,172.96.134.114,63166,inbound,145.156.227.49,60660,FIN,4,1,529,14987,13651,Normal,281,0,0,172.96.134.114/63166/inbound/145.156.227.49/60660,3.5948221637060533,92.76543923771519,25.80529300567108,101.8442339649577,28.330812854442343
282,2024-01-01 04:42:00,95.133977096464,TCP,92.0.62.247,57318,outbound,76.222.176.200,23802,REQ,4,0,140,151,1185,Normal,282,2,0,92.0.62.247/57318/outbound/76.222.176.200/23802,1.4716088223458033,12.456117531998407,8.464285714285714,1.5872352298158308,1.0785714285714285
283,2024-01-01 04:43:00,100.7247546358345,TCP,231.225.166.18,31370,outbound,189.210.45.45,44154,ACK,2,2,766,67795,22791,Normal,283,4,0,231.225.166.18/31370/outbound/189.210.45.45/44154,7.604883256051962,226.2700969826113,29.7532637075718,673.0718803447033,88.50522193211488
284,2024-01-01 04:44:00,101.28411009150504,ICMP,31.76.120.23,44109,outbound,126.16.65.103,17732,ACK,1,0,278,70026,11963,Normal,284,0,0,31.76.120.23/44109/outbound/126.16.65.103/17732,2.7447543326277057,118.11329525620592,43.03237410071942,691.3818953114667,251.89208633093526
285,2024-01-01 04:45:00,36.93970965924554,UDP,69.214.210.192,61334,inbound,5.122.230.181,42969,ACK,3,2,663,85671,10151,Normal,285,3,0,69.214.210.192/61334/inbound/5.122.230.181/42969,17.948164891276008,274.79912792057735,15.310708898944194,2319.2115149328915,129.21719457013575
286,2024-01-01 04:46:00,25.484317902954185,ICMP,161.254.58.113,24436,inbound,125.111.15.80,25256,FIN,2,3,511,28591,18681,Normal,286,2,0,161.254.58.113/24436/inbound/125.111.15.80/25256,20.05154707086604,733.039042721817,36.55772994129158,1121.9056405149333,55.951076320939336
287,2024-01-01 04:47:00,14.04416230342217,TCP,248.160.159.186,23887,inbound,246.90.134.243,58290,REQ,1,4,346,16180,72134,Normal,287,2,0,248.160.159.186/23887/inbound/246.90.134.243/58290,24.636570877259764,5136.226600174149,208.47976878612718,1152.0801063412225,46.76300578034682
288,2024-01-01 04:48:00,33.3757826841976,ICMP,220.100.168.11,54321,inbound,136.71.214.95,40436,ACK,2,3,846,34980,36920,Normal,288,2,0,220.100.168.11/54321/inbound/136.71.214.95/40436,25.347720171984303,1106.1912869381329,43.64066193853428,1048.0653092387836,41.347517730496456
289,2024-01-01 04:49:00,103.17775693147183,ICMP,201.241.118.138,31828,outbound,235.110.81.37,5806,FIN,0,0,140,60065,49035,Normal,289,0,0,201.241.118.138/31828/outbound/235.110.81.37/5806,1.3568816008762878,475.2477807069198,350.25,582.1506668331016,429.0357142857143
290,2024-01-01 04:50:00,178.2021545543388,ICMP,97.146.181.56,11958,outbound,54.75.14.219,62220,ACK,1,4,114,47461,27265,Normal,290,0,0,97.146.181.56/11958/outbound/54.75.14.219/62220,0.6397229050630712,153.00039479425118,239.16666666666666,266.33235787016156,416.32456140350877
291,2024-01-01 04:51:00,56.52526347010174,TCP,42.97.198.30,31747,inbound,247.229.177.183,27339,REQ,3,0,580,87785,62160,Normal,291,0,0,42.97.198.30/31747/inbound/247.229.177.183/27339,10.260898656523432,1099.6852767060286,107.17241379310344,1553.0223940739818,151.35344827586206
292,2024-01-01 04:52:00,266.4138529161911,ICMP,180.1.210.165,63456,inbound,223.115.8.7,11076,REQ,3,4,507,80975,19265,Normal,292,0,0,180.1.210.165/63456/inbound/223.115.8.7/11076,1.9030541935050684,72.31230579462553,37.998027613412226,303.9444049685856,159.71400394477317
293,2024-01-01 04:53:00,242.53389112871085,TCP,32.137.104.255,21429,inbound,110.146.50.199,20545,REQ,1,4,366,94941,14074,Normal,293,4,0,32.137.104.255/21429/inbound/110.146.50.199/20545,1.509067447426416,58.02900342917864,38.45355191256831,391.4545697434737,259.4016393442623
294,2024-01-01 04:54:00,156.20608113146815,UDP,136.217.221.74,19772,outbound,226.184.195.30,4922,REQ,2,0,691,66990,76999,Normal,294,1,0,136.217.221.74/19772/outbound/226.184.195.30/4922,4.423643401042958,492.9321537437145,111.43125904486251,428.8565433225293,96.94645441389291
295,2024-01-01 04:55:00,217.2905282609266,ICMP,105.147.251.147,6254,outbound,102.2.98.82,18243,REQ,4,0,637,71256,45533,Normal,295,4,0,105.147.251.147/6254/outbound/102.2.98.82/18243,2.931558982796886,209.54894060234005,71.48037676609106,327.92961833308465,111.861852433281
296,2024-01-01 04:56:00,109.96192455715764,ICMP,127.8.199.251,47437,inbound,43.28.9.139,5178,ACK,1,4,397,69390,78207,Normal,296,2,0,127.8.199.251/47437/inbound/43.28.9.139/5178,3.6103405937901845,711.2189088628437,196.99496221662469,631.0366090758209,174.78589420654913
297,2024-01-01 04:57:00,11.12966004065366,TCP,15.225.215.96,23378,outbound,46.29.93.251,36570,REQ,3,4,825,16693,10561,Normal,297,4,0,15.225.215.96/23378/outbound/46.29.93.251/36570,74.12625336142312,948.9058930302905,12.80121212121212,1499.866118014832,20.233939393939394
298,2024-01-01 04:58:00,271.3094209750087,ICMP,105.232.236.62,9978,inbound,210.215.31.200,14833,ACK,0,0,823,16267,19973,Normal,298,3,0,105.232.236.62/9978/inbound/210.215.31.200/14833,3.0334368671842378,73.61705291405927,24.268529769137302,59.95737244044471,19.765492102065615
299,2024-01-01 04:59:00,38.425267128520815,TCP,232.218.20.4,57476,inbound,47.87.62.153,26996,REQ,3,0,850,88191,10608,Normal,299,0,0,232.218.20.4/57476/inbound/47.87.62.153/26996,22.120861181186037,276.0683475412018,12.48,2295.130433447033,103.75411764705882
